inquiry_id,user_id,procedure_id,created_at,clinic_id
269,761,1,2014-08-18,5
1218,2714,1,2014-06-28,4
1769,223,53,2014-11-16,16
2640,2768,45,2014-11-06,5
94,2286,53,2014-08-07,1
909,159,37,2014-08-19,7
1286,2305,53,2014-06-28,4
1297,2278,45,2014-10-12,3
1507,1030,53,2014-07-02,16
1528,459,37,2014-08-30,4
1660,116,45,2014-08-08,5
1956,2227,37,2014-07-03,8
2083,1778,24,2014-08-13,48
2347,2606,53,2014-07-23,34
2877,876,15,2014-06-21,4
299,1309,53,2014-09-13,1
561,921,37,2014-08-23,7
568,2337,15,2014-07-18,4
614,2996,37,2014-08-03,16
660,2972,37,2014-09-26,39
943,1854,24,2014-08-18,3
956,94,53,2014-06-22,1
1835,1246,24,2014-06-01,48
2061,1813,1,2014-04-12,48
2068,2195,37,2014-08-01,16
2160,1509,24,2014-10-17,7
2240,2187,37,2014-06-28,30
2443,1346,24,2014-09-16,4
196,2589,45,2014-09-15,6
221,1311,53,2014-08-23,8
1204,2120,37,2014-06-29,3
1499,2373,24,2014-05-30,48
1721,48,37,2014-07-30,16
2283,671,37,2014-04-18,3
2704,73,15,2014-07-09,16
2998,102,53,2014-06-24,4
2999,1503,45,2014-09-13,4
242,2435,37,2014-09-30,9
1287,2734,37,2014-10-15,7
1513,787,37,2014-11-05,5
2564,766,1,2014-11-15,34
2574,1376,53,2014-11-26,2
2787,1257,37,2014-08-17,3
2869,231,1,2014-05-04,23
2876,2876,1,2014-04-13,16
222,2711,1,2014-07-05,3
549,2537,15,2014-08-23,19
1722,1294,37,2014-04-11,34
1771,2322,53,2014-11-07,3
805,2360,37,2014-09-11,41
923,2287,1,2014-07-04,16
2070,1986,53,2014-11-28,34
2305,1411,53,2014-04-29,8
2423,1454,1,2014-10-27,4
2542,374,53,2014-09-11,8
162,2805,1,2014-07-30,16
902,2047,37,2014-10-18,48
1704,1022,24,2014-10-17,1
2216,842,15,2014-07-30,26
2473,2115,45,2014-04-21,25
2698,700,37,2014-08-30,16
2997,912,24,2014-05-04,7
153,1284,53,2014-07-18,48
718,2076,37,2014-10-19,1
921,2870,15,2014-10-17,44
1653,1910,1,2014-11-22,5
1928,297,37,2014-07-27,4
2863,1770,1,2014-06-13,7
87,957,1,2014-09-16,1
738,950,37,2014-06-13,16
1229,511,1,2014-10-13,44
1375,268,1,2014-07-20,4
1587,909,45,2014-06-10,1
2238,1057,53,2014-06-14,23
2349,2464,45,2014-10-17,32
2729,267,53,2014-10-30,40
2875,108,1,2014-10-26,3
105,799,1,2014-07-31,48
527,11,15,2014-08-19,7
1315,943,37,2014-10-29,8
1330,772,53,2014-05-22,34
1510,679,37,2014-06-14,2
1605,1626,53,2014-08-27,42
2027,1693,53,2014-11-11,5
2051,266,37,2014-05-20,16
2448,450,24,2014-06-10,34
2656,1324,45,2014-10-09,7
2735,1966,15,2014-10-24,6
2815,2470,53,2014-10-22,7
2819,695,24,2014-07-20,4
2830,2192,15,2014-10-08,6
27,1677,1,2014-08-08,4
843,1368,15,2014-10-20,34
1356,2496,37,2014-05-24,7
1527,2982,24,2014-11-12,3
1989,2095,37,2014-05-03,40
2671,2294,45,2014-06-24,34
2826,1366,37,2014-04-08,7
11,1543,24,2014-09-20,8
120,714,24,2014-09-10,1
702,587,53,2014-09-30,34
929,2458,53,2014-06-13,3
951,962,53,2014-07-26,16
1160,2090,37,2014-10-26,3
1620,1948,1,2014-10-14,7
1629,2043,37,2014-09-03,19
2451,944,1,2014-07-02,16
2515,2331,15,2014-10-01,16
2918,1345,24,2014-11-12,16
150,593,53,2014-08-10,3
556,1884,45,2014-09-25,4
663,1338,24,2014-08-23,16
668,532,1,2014-09-08,3
1371,727,24,2014-04-29,3
1446,2657,15,2014-08-31,2
2031,1602,1,2014-11-11,34
2163,119,1,2014-11-14,3
2871,25,37,2014-09-09,48
2946,24,37,2014-10-22,8
107,2975,1,2014-08-08,16
175,1364,45,2014-08-16,8
266,160,37,2014-09-10,1
307,1174,37,2014-08-01,1
439,197,1,2014-07-31,1
446,651,37,2014-08-19,3
924,2792,1,2014-11-03,7
1306,573,1,2014-04-10,8
1429,129,15,2014-07-05,36
1607,2658,53,2014-09-05,16
1766,284,53,2014-07-15,34
1807,1722,53,2014-09-24,48
1946,2860,1,2014-10-29,16
2806,2450,45,2014-10-17,48
2881,1571,53,2014-07-19,42
2927,388,24,2014-09-01,1
2929,62,24,2014-09-28,2
187,1668,45,2014-09-23,4
395,707,37,2014-07-03,34
655,2574,45,2014-09-30,16
728,2880,37,2014-06-21,1
885,908,37,2014-07-31,34
1374,2054,53,2014-07-04,7
1687,2569,53,2014-09-21,1
1705,2300,37,2014-06-04,48
1895,1219,24,2014-08-21,34
1943,1386,53,2014-08-22,16
1980,1138,24,2014-10-25,5
2039,1508,1,2014-11-17,1
2175,1784,24,2014-07-06,26
2508,1215,53,2014-06-20,1
2776,173,1,2014-08-24,48
2859,2557,1,2014-07-11,8
173,86,1,2014-06-18,40
201,969,1,2014-08-03,4
926,2784,53,2014-06-29,3
1365,2044,53,2014-08-11,48
1610,2812,53,2014-05-29,19
1673,1119,37,2014-09-10,16
2257,270,24,2014-10-23,1
2426,1564,37,2014-10-27,4
2554,1062,37,2014-11-13,1
2865,2488,1,2014-06-04,4
159,54,53,2014-09-12,16
276,31,1,2014-07-26,4
397,2481,37,2014-09-01,8
1092,2050,53,2014-11-16,1
1343,1758,53,2014-09-11,4
1542,2395,53,2014-04-29,12
1776,2016,53,2014-11-09,1
2059,2934,1,2014-06-21,8
2592,2708,37,2014-07-09,48
2843,2292,53,2014-09-08,16
2845,2619,1,2014-06-15,5
2847,1862,24,2014-07-31,4
905,1224,37,2014-08-22,8
1110,2163,1,2014-11-04,1
2405,781,37,2014-04-25,5
2584,2990,1,2014-11-06,3
57,773,37,2014-09-15,14
244,2309,1,2014-08-17,3
754,984,37,2014-07-27,1
1099,1712,37,2014-08-27,1
1249,1354,45,2014-10-17,8
1493,2802,24,2014-10-12,1
2226,2858,1,2014-11-02,8
2599,2244,53,2014-11-17,4
2749,1367,53,2014-07-31,42
2891,1017,53,2014-10-27,4
2993,1075,15,2014-08-18,4
308,1456,1,2014-08-13,2
1071,2384,24,2014-05-09,15
1796,1927,24,2014-10-26,48
2571,1601,37,2014-04-04,4
2617,1834,24,2014-11-20,8
2667,509,15,2014-11-11,34
2765,923,53,2014-11-16,3
278,1713,15,2014-09-04,19
291,2048,24,2014-09-22,1
671,2794,1,2014-10-21,4
1136,2082,45,2014-06-29,16
1336,2022,24,2014-08-22,16
1778,2184,37,2014-04-20,19
1791,2813,37,2014-11-26,7
2600,1881,24,2014-08-18,16
2814,1443,45,2014-11-15,16
2836,29,37,2014-08-31,3
2985,2380,45,2014-05-24,2
46,1002,37,2014-08-01,7
515,1107,53,2014-09-23,3
1107,2284,1,2014-05-12,28
1632,2079,37,2014-09-05,34
1903,427,45,2014-06-10,1
2543,1165,15,2014-06-22,1
2607,1115,45,2014-11-04,8
2633,2432,24,2014-07-17,16
26,2377,53,2014-09-06,1
578,1241,37,2014-08-23,34
629,2875,45,2014-07-17,42
725,2631,37,2014-10-27,44
871,2476,53,2014-09-17,48
908,436,37,2014-11-11,2
1058,2898,45,2014-09-09,48
1535,1643,24,2014-05-18,4
1748,916,37,2014-04-24,1
2078,417,53,2014-06-20,3
2129,1807,24,2014-08-19,16
2225,642,45,2014-08-25,8
2408,484,45,2014-07-22,16
2734,168,45,2014-09-29,19
2976,1098,37,2014-09-05,16
98,1732,53,2014-09-10,1
1150,275,37,2014-09-22,8
1531,194,24,2014-10-22,1
1997,1558,37,2014-04-11,16
2196,533,37,2014-07-18,38
2570,1544,1,2014-05-04,5
2572,2675,37,2014-05-07,4
2581,2364,1,2014-04-13,42
2906,788,15,2014-06-21,6
2972,464,1,2014-11-12,3
1134,2293,1,2014-07-14,8
1380,737,1,2014-07-30,4
2097,1658,1,2014-07-22,5
2559,831,45,2014-04-25,21
2634,2404,1,2014-11-13,3
2686,1647,15,2014-10-10,1
2880,1111,24,2014-10-17,34
23,757,15,2014-08-12,9
219,2803,53,2014-07-26,4
1342,1619,45,2014-10-04,7
1523,1496,37,2014-10-09,7
1753,2609,1,2014-08-11,45
1927,1053,45,2014-06-11,3
2489,653,24,2014-08-23,34
2842,2456,1,2014-09-08,34
2896,1848,37,2014-10-12,48
185,733,45,2014-09-10,8
340,789,53,2014-07-28,48
520,2168,53,2014-07-31,3
594,1238,37,2014-08-07,16
1512,2824,37,2014-11-28,8
1685,2776,37,2014-06-02,16
2030,1060,1,2014-10-29,1
2145,1683,24,2014-05-19,16
2374,294,37,2014-10-11,16
2467,212,1,2014-09-24,4
2951,2918,1,2014-10-26,32
1386,2445,37,2014-05-04,48
2497,1308,24,2014-11-25,4
2654,1274,1,2014-10-04,7
2886,2586,45,2014-09-30,16
166,196,1,2014-07-01,48
2036,603,1,2014-10-19,1
2091,460,24,2014-06-29,8
2133,1312,53,2014-11-25,3
2835,2797,53,2014-10-16,3
165,1733,53,2014-09-30,3
617,622,53,2014-08-07,1
781,2952,1,2014-11-09,46
790,1401,15,2014-05-04,3
1082,307,45,2014-11-18,16
1131,1190,24,2014-10-12,2
1754,2281,53,2014-10-12,1
2290,1849,1,2014-05-18,16
2442,1129,1,2014-06-21,1
2505,1317,53,2014-05-01,6
21,2256,1,2014-08-18,4
246,1536,37,2014-09-12,18
293,241,45,2014-07-24,11
579,301,37,2014-07-25,7
679,162,24,2014-10-29,8
712,1426,24,2014-10-15,13
821,2444,37,2014-11-08,8
1144,2325,37,2014-10-01,1
1750,242,37,2014-05-24,7
2212,2412,24,2014-08-04,2
2321,289,1,2014-07-04,7
2577,505,53,2014-04-14,19
139,1670,24,2014-08-01,16
664,687,24,2014-07-25,1
829,224,15,2014-06-23,5
1569,2288,53,2014-04-26,39
1639,1092,53,2014-07-25,1
2851,1482,15,2014-10-11,3
598,2688,37,2014-09-10,11
609,1961,37,2014-09-15,13
612,1486,37,2014-08-19,48
690,148,37,2014-09-20,4
811,1340,37,2014-10-26,1
1076,1267,53,2014-09-21,3
1086,1979,1,2014-04-16,16
1173,1394,37,2014-05-23,34
2005,2059,15,2014-08-23,1
2009,120,37,2014-10-04,7
2109,1023,1,2014-10-30,13
2190,841,1,2014-11-16,1
2311,1146,1,2014-10-28,16
2586,2006,37,2014-11-13,16
2614,1880,1,2014-11-22,16
2673,2962,1,2014-11-20,7
2700,2400,1,2014-11-17,1
287,2540,53,2014-07-10,32
825,1437,1,2014-10-30,40
1135,1097,37,2014-07-11,4
1445,465,53,2014-09-30,25
1732,2753,24,2014-11-16,16
2635,2733,1,2014-06-24,16
2824,2682,45,2014-06-11,4
2945,1855,24,2014-11-28,16
80,2017,1,2014-09-26,4
184,1176,24,2014-09-18,3
751,1547,37,2014-07-24,1
1580,489,1,2014-05-27,1
1901,941,24,2014-11-13,4
2412,2874,1,2014-07-24,19
389,2349,37,2014-09-25,8
1274,1734,24,2014-10-30,3
92,2013,24,2014-07-28,48
2587,248,1,2014-05-14,3
2658,2695,37,2014-10-19,3
927,934,45,2014-10-07,1
1271,2744,24,2014-06-06,4
1985,797,53,2014-09-08,3
2021,359,37,2014-06-21,4
2533,2357,45,2014-11-07,4
2746,2359,37,2014-09-24,34
2771,2394,45,2014-11-09,3
705,2769,15,2014-10-17,45
760,2530,37,2014-06-12,4
772,650,24,2014-09-08,1
1097,437,1,2014-11-22,48
1230,1597,1,2014-11-12,34
1241,588,24,2014-04-15,40
1976,55,53,2014-08-01,1
2205,340,37,2014-06-09,17
2260,411,53,2014-08-29,8
2272,1546,1,2014-06-03,30
2384,453,37,2014-09-29,1
2597,537,45,2014-10-08,48
2741,1908,1,2014-04-15,36
2947,2743,1,2014-10-02,4
560,2703,45,2014-09-29,4
602,715,37,2014-07-23,8
1181,2728,37,2014-06-16,40
1340,174,1,2014-04-22,3
2102,2685,53,2014-05-18,16
2681,830,24,2014-11-07,1
2724,2867,24,2014-09-02,16
2840,2245,53,2014-06-20,6
2995,2877,24,2014-11-20,1
142,1117,37,2014-07-26,34
290,972,1,2014-08-10,1
622,2649,15,2014-08-10,48
1633,2949,37,2014-06-21,48
1642,2831,45,2014-05-29,8
1790,1124,37,2014-06-02,34
2122,88,45,2014-11-26,4
249,2541,37,2014-07-30,3
434,1985,1,2014-09-23,7
915,2955,37,2014-06-10,8
1267,1540,1,2014-11-25,16
1456,1061,37,2014-10-14,8
1966,2061,37,2014-07-05,4
2211,1035,24,2014-08-25,1
2457,1967,15,2014-11-20,8
2469,2500,53,2014-04-27,36
2544,753,1,2014-04-29,24
2641,938,24,2014-10-17,4
2767,582,24,2014-07-13,1
792,13,24,2014-06-27,19
794,1125,1,2014-10-24,34
1113,33,24,2014-10-05,16
1994,158,37,2014-11-05,48
2237,1842,24,2014-10-22,7
2294,2508,37,2014-05-12,16
2613,2833,37,2014-07-16,34
2795,2398,24,2014-06-14,2
65,1603,15,2014-09-29,24
137,1899,53,2014-09-15,16
140,319,15,2014-08-13,48
237,1163,1,2014-08-10,9
1255,1649,24,2014-05-15,4
1872,1495,24,2014-05-15,7
2089,1568,1,2014-11-03,46
2547,1480,1,2014-11-02,6
2619,403,45,2014-10-27,16
2887,1148,37,2014-11-06,16
70,607,37,2014-08-10,19
118,360,53,2014-07-05,34
181,2883,1,2014-08-07,4
268,2221,1,2014-09-23,16
537,1208,37,2014-08-10,1
631,446,24,2014-09-13,33
1125,2489,53,2014-06-29,16
1190,156,1,2014-09-15,4
1570,1768,37,2014-10-17,49
1618,1698,53,2014-06-16,16
1690,2379,24,2014-10-17,1
1764,100,53,2014-05-01,8
2131,1012,37,2014-10-06,4
2358,2027,37,2014-09-18,48
2522,2723,1,2014-10-21,4
2625,914,1,2014-08-20,41
2690,1417,53,2014-10-25,1
2804,624,15,2014-10-08,4
2989,2759,37,2014-05-10,4
149,1491,45,2014-09-01,48
1462,2295,1,2014-09-07,37
1649,147,24,2014-11-23,8
1795,718,15,2014-06-20,16
1817,1977,53,2014-08-05,45
2962,998,24,2014-11-25,3
859,903,1,2014-10-22,4
1124,1657,1,2014-08-28,34
1466,2778,1,2014-09-28,20
2159,719,24,2014-11-13,4
2276,2881,37,2014-05-06,16
2359,2029,1,2014-11-26,7
2410,635,37,2014-10-19,8
2440,658,45,2014-09-20,7
2591,2971,24,2014-06-04,16
2624,252,53,2014-11-15,3
2712,1952,37,2014-09-12,16
2794,1739,37,2014-07-20,3
2966,2991,37,2014-06-29,5
38,228,37,2014-07-05,2
916,2302,24,2014-07-12,48
1101,2033,24,2014-04-05,34
1221,364,24,2014-04-21,3
2416,1888,53,2014-11-09,4
2511,1398,15,2014-08-11,1
2716,819,1,2014-08-12,16
2721,329,1,2014-06-05,16
2853,2215,45,2014-07-30,6
547,515,45,2014-07-26,6
627,2712,1,2014-09-07,33
917,2071,53,2014-10-30,16
1411,475,37,2014-07-23,23
2047,1418,15,2014-11-12,16
2204,1409,37,2014-08-04,3
2417,258,1,2014-08-06,4
2964,69,53,2014-04-20,1
192,1068,37,2014-07-31,1
194,815,15,2014-08-08,4
734,2240,37,2014-08-30,16
1384,1331,1,2014-08-04,16
1655,1944,24,2014-06-21,34
1692,2139,37,2014-10-18,34
1694,835,24,2014-07-24,48
2162,1310,15,2014-11-22,3
2234,1420,53,2014-11-07,4
177,2690,53,2014-08-01,4
635,182,45,2014-07-05,10
1132,1960,24,2014-10-13,1
1207,1059,37,2014-10-29,4
1677,1155,37,2014-11-16,4
1955,929,37,2014-11-04,48
2054,2212,37,2014-11-23,48
2135,1941,24,2014-10-29,3
2498,1991,1,2014-06-27,16
2632,2007,53,2014-11-19,34
2714,932,45,2014-08-11,48
54,614,37,2014-08-23,34
216,357,1,2014-07-17,5
888,420,37,2014-08-13,3
961,1082,24,2014-06-27,5
1213,539,37,2014-04-12,3
1370,1666,1,2014-07-20,1
1554,2774,37,2014-10-28,19
2255,2942,24,2014-10-14,5
2461,2693,53,2014-11-14,3
2870,1393,53,2014-07-01,5
239,2078,37,2014-09-17,7
632,2851,24,2014-07-26,4
1219,1832,24,2014-05-30,1
1372,1708,1,2014-05-04,3
1686,978,37,2014-11-07,34
2132,1686,53,2014-05-04,1
2322,554,53,2014-07-05,7
2719,74,45,2014-11-10,48
88,843,24,2014-08-16,1
267,164,53,2014-08-31,8
646,265,53,2014-08-23,48
855,600,1,2014-09-11,8
1643,1996,24,2014-11-12,3
1767,2661,1,2014-04-24,16
2146,2154,1,2014-11-10,2
2932,146,24,2014-10-17,7
158,1343,1,2014-09-23,48
257,1404,37,2014-09-07,7
771,219,37,2014-08-07,3
1142,2226,53,2014-10-04,3
1961,1819,37,2014-11-29,34
2271,244,53,2014-04-07,5
2324,2285,1,2014-09-20,23
2500,1798,24,2014-07-08,34
2539,1940,1,2014-10-04,7
2642,2837,45,2014-08-23,48
25,1818,53,2014-07-31,17
1175,2600,37,2014-06-28,3
1492,2308,37,2014-09-05,4
2992,1754,45,2014-05-29,7
294,1684,45,2014-08-01,6
519,39,53,2014-07-11,3
592,2382,37,2014-07-28,3
719,451,37,2014-10-27,49
1501,2701,1,2014-08-23,4
1794,23,37,2014-05-25,8
2019,673,37,2014-08-27,34
2101,2092,1,2014-11-20,16
2284,2220,37,2014-09-01,7
2802,1090,1,2014-05-15,34
82,134,53,2014-07-30,19
117,2917,53,2014-08-07,48
1385,1222,1,2014-08-02,16
1422,690,37,2014-10-27,7
1751,1033,53,2014-11-01,16
1981,368,45,2014-10-13,4
2748,1402,53,2014-04-03,6
2812,1412,24,2014-10-24,1
2885,1375,24,2014-07-01,4
504,2534,53,2014-09-07,16
563,64,1,2014-07-19,4
836,2280,1,2014-10-19,48
2063,2969,53,2014-08-13,48
2113,2726,37,2014-05-12,19
2935,2260,37,2014-11-14,16
211,2907,1,2014-07-01,6
1166,2414,1,2014-06-06,3
1251,913,24,2014-05-24,19
2579,1041,45,2014-08-19,1
2666,1114,1,2014-11-10,1
2751,179,1,2014-04-04,9
2879,226,1,2014-04-07,1
1346,1563,1,2014-10-26,9
2585,2638,53,2014-11-15,4
2846,2362,45,2014-10-17,8
178,38,37,2014-09-20,1
995,1782,53,2014-06-09,16
1678,933,37,2014-09-26,1
1698,968,53,2014-09-11,16
1965,547,37,2014-05-16,7
2081,1289,15,2014-10-04,4
2495,1817,15,2014-09-09,16
2986,2152,53,2014-06-22,3
511,155,53,2014-09-21,16
1279,1103,24,2014-05-04,5
1509,601,45,2014-07-19,1
1604,874,15,2014-05-23,1
2209,1024,53,2014-11-13,8
2319,1870,1,2014-04-28,7
2626,2929,15,2014-10-19,1
2723,1269,37,2014-07-15,3
2903,131,45,2014-06-10,1
2984,1250,1,2014-06-01,1
458,2887,15,2014-07-01,16
590,885,37,2014-08-01,1
827,680,1,2014-11-28,7
2090,1644,37,2014-11-21,16
2316,245,53,2014-05-13,16
2327,1982,37,2014-11-26,4
2394,2275,45,2014-10-23,1
2758,2681,37,2014-08-06,48
288,470,45,2014-09-10,16
846,2610,53,2014-11-15,1
1138,2155,15,2014-06-10,1
1357,1455,1,2014-04-30,8
2264,900,24,2014-07-01,20
2346,21,53,2014-05-16,16
2594,2514,37,2014-09-06,34
2638,2777,53,2014-06-02,16
2913,2583,45,2014-11-14,34
6,1634,37,2014-10-09,4
383,2604,37,2014-07-05,7
1028,1659,1,2014-05-17,18
1257,104,1,2014-09-05,4
1506,1638,53,2014-11-26,1
1727,3,53,2014-11-19,20
1806,1781,24,2014-06-19,16
2528,536,37,2014-09-17,20
2757,1463,1,2014-10-09,8
2760,247,15,2014-08-25,16
2882,2528,53,2014-08-22,4
385,387,37,2014-09-15,7
552,2268,1,2014-09-15,5
620,2012,24,2014-09-10,25
1367,2522,24,2014-09-24,1
2137,115,1,2014-05-04,48
2150,1169,37,2014-10-18,8
2518,2585,45,2014-11-26,48
2867,2064,45,2014-04-14,1
59,1786,1,2014-08-01,1
303,2551,37,2014-07-05,38
462,561,1,2014-08-26,8
692,1355,37,2014-10-17,17
1026,1690,37,2014-06-23,16
1803,1993,53,2014-11-03,3
2065,221,37,2014-07-11,3
2526,2611,53,2014-11-16,48
2708,285,53,2014-10-18,4
2822,1423,24,2014-06-29,8
47,2725,37,2014-09-07,9
206,2171,1,2014-07-10,4
959,2698,37,2014-11-21,34
1035,936,53,2014-06-01,1
1127,2344,1,2014-06-10,48
1431,1414,1,2014-07-17,20
1547,2251,37,2014-05-30,7
2169,1201,24,2014-06-08,31
2201,698,37,2014-06-15,49
2386,300,15,2014-05-08,3
2535,1247,15,2014-11-03,4
2627,802,53,2014-10-14,20
2931,2914,24,2014-06-15,3
2971,558,37,2014-08-21,4
89,759,15,2014-09-07,34
311,1077,24,2014-08-26,1
440,419,53,2014-09-06,1
1811,2727,53,2014-09-24,34
1940,276,24,2014-05-17,2
2073,493,1,2014-11-16,16
2106,2983,37,2014-11-09,8
2248,1151,37,2014-08-08,4
2850,1923,45,2014-09-01,16
2883,572,45,2014-07-10,4
3,966,1,2014-05-27,16
281,2431,53,2014-09-14,41
388,2045,37,2014-08-13,4
823,854,37,2014-10-29,19
900,333,37,2014-06-29,7
1161,2318,37,2014-07-12,8
1503,2810,45,2014-10-29,34
2323,1158,45,2014-08-21,7
2400,2094,1,2014-10-09,48
2514,967,53,2014-11-20,4
2694,2825,53,2014-11-08,4
43,2019,24,2014-09-22,31
208,121,1,2014-09-18,4
363,2486,24,2014-09-17,8
1031,1279,24,2014-07-21,16
1034,2920,45,2014-10-25,34
1195,987,15,2014-04-28,48
1453,1729,15,2014-06-12,9
1543,2656,53,2014-11-17,4
2534,1211,37,2014-08-11,1
2566,1917,1,2014-10-22,3
2695,2848,45,2014-10-01,8
2953,338,53,2014-04-12,16
2996,2823,53,2014-09-07,4
108,308,24,2014-07-26,1
168,2009,24,2014-05-05,48
238,356,45,2014-09-26,1
305,302,1,2014-09-15,34
449,860,37,2014-09-17,41
630,1688,37,2014-08-12,34
1608,1663,45,2014-05-24,2
1738,1516,37,2014-10-17,16
2034,2840,1,2014-08-27,34
2130,2515,53,2014-10-09,5
2312,45,15,2014-08-30,8
2431,1239,37,2014-11-20,7
2455,2517,24,2014-08-06,7
567,2531,24,2014-09-17,7
600,2493,37,2014-09-23,31
1115,1821,53,2014-09-30,4
1348,1517,15,2014-04-13,4
1529,2869,45,2014-08-22,4
1995,1955,37,2014-10-21,4
2100,2375,24,2014-11-16,3
273,870,53,2014-07-31,7
603,1131,37,2014-08-12,19
817,1549,37,2014-09-06,34
1761,2161,15,2014-08-31,15
1987,1271,37,2014-11-28,16
2074,273,53,2014-06-21,3
2295,2213,1,2014-04-10,4
2460,711,1,2014-08-07,7
562,1462,53,2014-07-03,3
2062,883,37,2014-10-19,8
2066,2737,53,2014-06-10,7
2553,1809,37,2014-06-30,1
2784,2369,24,2014-04-10,2
803,2590,24,2014-08-19,6
866,1566,37,2014-11-04,21
991,1542,24,2014-06-12,16
2265,636,1,2014-07-23,2
2303,1889,53,2014-11-02,4
2366,443,1,2014-11-14,3
2680,2167,53,2014-11-08,16
1112,180,24,2014-05-16,20
1424,2391,37,2014-09-15,34
1674,2417,37,2014-10-03,34
1801,124,53,2014-06-04,48
1930,1502,1,2014-10-13,34
2208,68,15,2014-06-25,22
2612,1091,53,2014-05-18,8
2924,189,15,2014-10-04,34
593,813,37,2014-09-05,27
1130,2679,1,2014-08-28,1
1250,313,45,2014-08-28,34
1539,529,37,2014-08-04,8
1725,2636,37,2014-10-20,16
1938,1179,1,2014-08-12,16
1993,1134,37,2014-09-05,41
2003,424,1,2014-10-22,3
2006,2363,15,2014-11-04,3
2630,2238,45,2014-10-04,2
2715,171,24,2014-04-28,20
2861,2103,24,2014-04-10,34
2987,982,45,2014-04-14,34
5,2827,15,2014-05-19,16
742,647,37,2014-09-23,16
1118,2967,1,2014-08-02,34
1187,2335,24,2014-07-28,4
1228,2119,15,2014-08-14,1
1310,1295,53,2014-11-16,3
1439,2963,53,2014-06-06,4
1505,1083,53,2014-04-30,23
1918,1962,37,2014-11-08,16
2242,1304,37,2014-10-30,8
2618,639,1,2014-11-08,1
2728,2762,45,2014-11-12,16
2939,899,53,2014-10-20,3
529,1767,45,2014-08-03,4
1459,316,24,2014-10-14,4
2029,2341,1,2014-10-22,46
2439,1136,15,2014-10-13,8
2808,2775,1,2014-10-17,4
2959,1164,24,2014-09-24,16
203,1916,1,2014-08-19,4
941,1792,53,2014-04-29,40
1025,169,1,2014-10-17,4
1644,2561,24,2014-10-28,1
1703,1,1,2014-11-25,4
1908,175,37,2014-04-06,16
1971,2766,37,2014-10-18,8
2464,821,37,2014-07-09,48
393,2947,37,2014-09-29,3
1083,864,37,2014-06-23,6
1625,1197,37,2014-06-17,40
2270,111,1,2014-10-04,1
2372,546,1,2014-11-13,3
2565,563,37,2014-11-10,5
2583,1313,53,2014-11-23,16
2910,472,1,2014-09-18,48
74,1873,15,2014-09-07,35
1332,2645,37,2014-05-18,16
1341,750,45,2014-08-30,48
1574,393,1,2014-11-28,9
1740,264,37,2014-07-27,16
2705,1748,53,2014-06-16,48
236,346,53,2014-09-01,5
652,2170,24,2014-09-17,31
695,1182,37,2014-09-29,7
850,1716,53,2014-06-23,4
1309,2597,1,2014-05-21,48
1415,1935,37,2014-06-12,1
1483,394,37,2014-05-19,16
2152,396,1,2014-06-28,4
2350,2853,1,2014-11-21,8
2809,2449,45,2014-09-18,16
2915,2957,1,2014-06-27,1
2981,2135,45,2014-10-02,5
2983,1185,1,2014-06-30,1
193,1372,1,2014-09-06,4
346,2336,53,2014-09-10,1
454,2465,37,2014-09-10,16
775,2233,15,2014-07-25,16
1606,2172,1,2014-06-17,1
1906,1799,37,2014-11-13,34
1954,482,45,2014-08-02,1
2275,1587,1,2014-07-13,4
640,852,53,2014-08-13,16
838,1288,37,2014-09-20,16
1301,2717,1,2014-06-12,8
1417,1975,37,2014-06-10,9
1910,2420,37,2014-11-28,4
2140,728,45,2014-11-01,1
2338,325,37,2014-06-29,50
2354,257,15,2014-08-06,3
2646,2314,37,2014-07-17,16
2801,2650,1,2014-06-24,1
183,2903,1,2014-09-21,1
851,1236,45,2014-10-04,6
1179,1352,37,2014-10-20,6
1683,2689,37,2014-09-20,48
2014,2313,37,2014-10-26,8
37,2147,15,2014-08-07,4
442,1078,37,2014-07-26,48
616,1118,1,2014-08-19,16
834,2204,45,2014-05-17,2
1601,1527,45,2014-09-05,16
1718,1869,37,2014-11-08,34
1970,678,37,2014-08-17,16
2116,1069,45,2014-11-03,3
2334,645,37,2014-08-28,3
220,1277,24,2014-09-03,8
641,1718,53,2014-09-25,11
928,2030,1,2014-08-06,8
1407,12,53,2014-09-01,4
1491,1863,1,2014-09-21,2
1584,1147,53,2014-06-22,34
2041,157,1,2014-11-07,16
2422,525,53,2014-04-17,1
2428,1895,37,2014-11-19,9
2907,910,53,2014-09-02,16
63,721,53,2014-08-26,1
1096,1901,1,2014-04-18,48
1139,2605,24,2014-11-18,16
1515,1702,37,2014-09-28,7
2231,1576,53,2014-10-13,4
2561,1332,53,2014-11-07,34
2596,2448,24,2014-11-11,7
2639,770,1,2014-11-16,48
8,1319,53,2014-08-16,3
667,1254,24,2014-10-17,4
1401,188,37,2014-05-16,16
1508,2182,53,2014-04-15,29
1950,1490,45,2014-10-02,6
2373,414,37,2014-11-13,4
2901,1447,1,2014-06-25,7
145,1925,24,2014-09-29,16
780,1072,1,2014-10-23,7
987,1957,53,2014-09-20,4
1645,1853,53,2014-11-19,3
2187,2497,45,2014-07-10,7
2487,919,24,2014-11-02,1
2792,1424,53,2014-07-07,1
500,1959,53,2014-05-08,48
774,1903,37,2014-10-29,3
1421,256,37,2014-11-27,4
1752,2131,53,2014-06-24,16
2223,479,1,2014-11-10,3
2490,251,37,2014-08-11,34
2892,857,45,2014-09-09,16
280,1580,24,2014-08-19,2
286,1416,45,2014-07-05,4
424,1007,53,2014-08-01,7
649,1548,24,2014-09-01,41
1116,783,37,2014-11-11,34
1291,52,45,2014-08-24,48
1638,261,37,2014-06-13,1
1661,2672,45,2014-10-12,48
1786,211,37,2014-09-20,16
2181,2984,53,2014-07-07,50
2474,576,45,2014-05-13,8
2616,1852,1,2014-09-07,16
2645,741,24,2014-05-23,3
2791,834,45,2014-11-26,1
596,858,37,2014-09-21,49
686,1203,37,2014-10-09,4
777,305,1,2014-05-23,16
1027,486,24,2014-05-29,4
1240,2763,37,2014-05-28,1
1545,343,24,2014-10-30,16
2124,1750,15,2014-06-23,7
2186,1252,53,2014-11-24,1
2527,1629,53,2014-06-07,16
131,2627,53,2014-09-13,34
259,2539,37,2014-09-20,1
300,1305,53,2014-07-26,16
903,1320,37,2014-10-29,1
1106,2997,37,2014-09-09,1
1329,1100,1,2014-11-27,3
1441,893,45,2014-06-12,17
1759,2697,24,2014-10-13,48
1779,1532,37,2014-10-06,16
1800,1166,1,2014-04-24,48
1931,2413,15,2014-11-16,48
2108,1258,15,2014-07-03,1
2268,2447,24,2014-05-22,34
2289,1154,45,2014-05-27,48
2403,97,1,2014-04-16,3
2621,2956,24,2014-11-08,16
122,2475,37,2014-08-10,34
156,2348,24,2014-08-18,1
188,1080,24,2014-08-18,8
459,2042,1,2014-07-24,16
528,1282,24,2014-09-14,2
1583,736,45,2014-05-08,16
1622,2533,37,2014-05-06,3
1688,1735,53,2014-06-19,1
1959,2126,37,2014-11-09,1
2210,2178,45,2014-08-31,3
2828,1339,37,2014-09-17,34
2977,1822,24,2014-04-04,40
96,2981,1,2014-09-21,1
312,2630,53,2014-09-23,16
436,771,45,2014-07-23,16
518,2185,45,2014-08-12,5
524,369,1,2014-09-15,3
1242,595,37,2014-11-16,34
1469,1887,1,2014-10-17,5
1936,2144,15,2014-11-17,16
1975,2716,37,2014-10-04,48
2018,1275,37,2014-06-10,5
2024,2479,24,2014-05-05,34
2053,18,37,2014-04-26,16
2969,963,1,2014-04-14,48
53,1958,53,2014-09-03,36
79,1777,37,2014-09-12,2
154,2315,45,2014-09-07,16
625,2959,1,2014-07-24,1
706,2177,15,2014-09-09,1
1184,1811,45,2014-07-06,3
1338,2340,53,2014-07-14,8
2107,1905,37,2014-11-07,3
2125,2677,1,2014-04-25,40
2206,646,37,2014-06-02,24
2259,2225,1,2014-11-04,4
2449,1875,1,2014-10-17,5
210,2025,15,2014-09-22,4
390,217,37,2014-07-26,34
809,1425,37,2014-05-06,3
848,2482,24,2014-07-24,16
869,1399,1,2014-11-11,4
1438,1042,37,2014-09-04,12
1627,438,37,2014-06-28,16
1682,880,37,2014-11-16,9
1710,713,37,2014-04-29,34
2348,10,24,2014-08-25,8
2369,2067,1,2014-05-09,3
2938,1056,45,2014-06-07,8
72,2101,24,2014-09-17,2
99,161,24,2014-08-31,34
102,2516,1,2014-07-23,16
176,1921,1,2014-09-07,3
195,1780,53,2014-07-26,3
256,235,37,2014-08-16,4
298,291,15,2014-08-12,3
1419,688,37,2014-08-23,3
1448,1790,24,2014-10-30,3
1550,1122,37,2014-07-25,48
1695,1214,24,2014-06-13,16
1756,911,53,2014-07-10,34
1777,1403,1,2014-05-20,3
1798,1105,37,2014-11-28,19
2919,1379,24,2014-05-21,28
2948,2513,53,2014-10-17,3
180,2738,1,2014-09-05,2
588,2900,37,2014-08-16,1
1239,1715,24,2014-05-24,16
1581,2787,45,2014-09-19,41
1945,1085,24,2014-09-08,16
2468,398,53,2014-04-25,4
2502,1021,1,2014-11-12,9
2739,1646,45,2014-11-03,48
141,549,24,2014-09-25,48
796,2463,1,2014-11-13,5
1425,662,37,2014-06-21,4
1482,2036,37,2014-05-27,34
1568,16,24,2014-05-17,34
1641,571,45,2014-11-11,4
2250,90,37,2014-09-30,9
2296,2201,15,2014-04-07,4
2488,2365,15,2014-05-17,4
2523,1640,37,2014-11-12,1
2864,2477,53,2014-06-26,3
95,748,15,2014-07-01,16
451,689,37,2014-08-07,2
897,43,1,2014-05-30,5
1333,2535,53,2014-07-25,3
1334,2193,53,2014-11-25,3
1416,2501,37,2014-11-26,8
1461,353,45,2014-10-01,7
1595,1504,45,2014-04-12,2
1951,2127,53,2014-10-21,16
2798,207,37,2014-09-22,16
2833,1392,24,2014-10-27,3
2854,386,45,2014-08-18,2
898,2041,1,2014-05-19,4
1104,2923,24,2014-10-22,3
1236,1407,15,2014-06-29,4
1282,2836,24,2014-05-27,1
1405,435,24,2014-10-19,27
1762,1223,53,2014-10-31,34
2604,989,15,2014-05-17,4
2782,1497,15,2014-11-17,48
2905,703,45,2014-08-13,6
76,2935,24,2014-08-18,1
658,652,1,2014-09-23,27
820,1731,37,2014-09-05,8
865,32,24,2014-10-22,4
1191,557,37,2014-10-24,4
1232,1298,15,2014-09-30,8
1264,682,37,2014-04-07,8
2320,480,1,2014-11-15,4
2438,2575,37,2014-06-04,7
2556,229,24,2014-11-01,8
2691,2549,45,2014-10-20,3
2968,523,24,2014-10-23,16
55,2117,37,2014-07-05,34
112,801,53,2014-08-19,48
875,812,1,2014-07-17,48
1252,785,24,2014-08-06,34
1281,710,53,2014-06-07,4
1362,1745,24,2014-08-18,16
1414,2980,37,2014-10-27,1
1555,1860,37,2014-04-10,49
1612,282,24,2014-10-18,16
2072,2231,53,2014-10-14,4
2104,371,53,2014-06-10,3
2752,1055,53,2014-11-28,25
2781,765,15,2014-10-11,4
2862,764,45,2014-09-30,1
2914,2242,45,2014-09-30,3
677,704,45,2014-10-12,3
1168,1380,37,2014-04-12,16
1238,2950,1,2014-09-30,5
1479,793,37,2014-04-13,32
2177,395,37,2014-08-11,16
2668,312,53,2014-08-26,1
2696,1184,53,2014-11-15,19
2762,1841,24,2014-09-24,34
2821,643,53,2014-06-02,3
2979,1253,45,2014-06-25,2
223,1803,45,2014-07-03,4
767,2180,24,2014-05-11,16
1089,2512,15,2014-11-17,16
2194,1592,37,2014-10-17,20
2267,70,1,2014-11-03,5
2589,2938,53,2014-10-29,5
302,2222,45,2014-08-23,3
676,633,53,2014-10-22,8
732,1636,53,2014-05-08,34
1802,2323,15,2014-06-01,16
1923,2786,45,2014-11-08,7
2232,2648,45,2014-09-05,1
2313,2634,15,2014-10-29,40
2702,2089,45,2014-09-12,1
2975,330,37,2014-10-01,16
40,2633,1,2014-09-10,16
773,2232,45,2014-08-25,8
2273,2906,53,2014-08-24,4
2888,1063,45,2014-04-14,16
2990,855,37,2014-10-22,1
319,589,53,2014-09-26,16
925,2915,45,2014-10-09,16
1098,1268,37,2014-06-15,1
1103,2409,1,2014-09-05,1
1247,2355,24,2014-11-06,48
1905,292,37,2014-07-27,4
2318,905,1,2014-06-07,8
2450,304,45,2014-11-17,8
2477,2740,24,2014-04-18,39
1233,2415,45,2014-10-06,7
1358,2218,45,2014-07-14,3
1433,2678,24,2014-10-23,44
1726,458,15,2014-08-01,4
2733,259,53,2014-06-30,48
2858,1086,1,2014-06-10,4
2933,2735,15,2014-04-20,48
157,1681,1,2014-08-17,2
215,2731,24,2014-08-26,3
919,2581,45,2014-04-28,19
1440,798,53,2014-05-26,34
1657,2329,53,2014-06-24,48
1715,2502,37,2014-06-20,34
2419,1266,37,2014-07-11,1
2940,604,1,2014-10-17,3
16,42,24,2014-09-21,3
116,2808,53,2014-08-19,16
1220,2841,1,2014-08-08,48
1552,1212,37,2014-09-20,1
2084,2223,24,2014-08-01,34
2266,2410,53,2014-11-17,6
2363,2928,45,2014-04-28,3
2404,1938,1,2014-06-10,7
2720,184,37,2014-08-14,48
2902,2249,37,2014-11-20,34
661,2796,53,2014-09-02,32
747,1256,37,2014-08-21,3
1210,1391,37,2014-08-06,19
1452,2608,1,2014-08-27,1
2247,1843,37,2014-10-04,7
2256,2347,1,2014-09-24,4
2799,2568,45,2014-11-26,16
2928,1377,37,2014-06-13,3
1170,6,37,2014-04-14,16
1188,1655,37,2014-09-05,5
1470,1759,53,2014-08-22,8
2310,1771,37,2014-10-30,1
2622,347,53,2014-05-14,7
2665,535,53,2014-11-15,1
2970,2159,53,2014-08-25,3
152,656,37,2014-09-17,34
648,1206,1,2014-07-19,4
862,1406,53,2014-09-09,16
1063,1608,53,2014-07-23,3
1652,2847,24,2014-05-02,4
2563,1737,45,2014-07-05,16
2699,965,24,2014-07-17,16
2709,1251,53,2014-09-16,48
274,1826,1,2014-09-06,1
522,1096,45,2014-08-08,1
525,1760,1,2014-09-04,41
1045,1344,53,2014-08-29,2
1331,1483,53,2014-09-30,3
1774,1514,53,2014-06-02,48
2022,2385,37,2014-04-19,16
2545,439,45,2014-07-18,16
270,278,1,2014-07-23,5
417,2916,53,2014-11-27,43
733,372,37,2014-11-27,29
1349,1827,1,2014-04-04,4
1444,2153,24,2014-09-11,26
1758,1127,53,2014-11-23,4
1770,2826,1,2014-09-18,16
1917,253,37,2014-05-18,4
2032,272,1,2014-10-29,3
2944,1336,15,2014-10-17,9
2988,520,15,2014-06-11,7
1189,96,24,2014-10-04,5
1366,132,1,2014-09-28,5
1426,99,37,2014-06-27,1
1978,128,37,2014-06-20,4
2689,2065,53,2014-05-08,7
2949,1209,53,2014-10-22,18
2974,2628,45,2014-09-05,3
114,72,37,2014-08-03,16
1551,2640,37,2014-10-25,4
2180,1291,37,2014-06-09,13
241,201,53,2014-09-07,4
730,1321,15,2014-08-10,48
1111,170,24,2014-10-18,16
1129,125,15,2014-07-08,3
2230,2307,1,2014-07-24,19
2611,2250,53,2014-06-06,16
2629,2332,1,2014-11-14,8
2652,1796,24,2014-10-16,3
2807,2216,45,2014-04-16,7
409,983,53,2014-09-02,2
665,1326,37,2014-09-30,10
672,1421,53,2014-10-24,4
1151,2521,37,2014-07-04,6
1245,140,53,2014-11-24,16
2165,1992,15,2014-04-15,4
2172,1963,53,2014-05-24,1
2236,1489,24,2014-11-16,3
2330,2750,37,2014-10-12,48
2651,1248,15,2014-05-12,3
2936,1520,37,2014-10-15,34
845,730,53,2014-11-07,40
1029,1137,1,2014-06-03,16
1293,1429,53,2014-09-09,8
1404,449,53,2014-04-16,7
2086,22,37,2014-11-10,16
2099,640,1,2014-10-18,27
2299,2138,45,2014-10-09,9
2345,1936,53,2014-10-27,19
2370,150,45,2014-11-05,3
2504,2908,53,2014-06-24,16
2529,2306,15,2014-11-08,8
2904,755,24,2014-10-13,16
722,1907,37,2014-10-19,48
797,2577,15,2014-11-28,18
1494,575,53,2014-11-16,9
1831,1058,53,2014-10-14,16
1972,106,53,2014-11-16,8
2297,1385,24,2014-06-09,36
2509,992,24,2014-08-29,1
3000,1764,24,2014-04-14,34
787,1228,24,2014-11-07,19
1465,279,24,2014-11-16,4
2075,2165,1,2014-04-23,3
2407,2209,15,2014-09-29,2
2413,137,1,2014-09-04,4
2878,581,45,2014-09-11,34
2965,2060,1,2014-07-26,42
30,2453,1,2014-09-04,4
571,2730,15,2014-08-18,1
1095,1628,53,2014-06-23,3
1530,762,53,2014-10-27,16
2071,2642,24,2014-07-20,3
2143,112,53,2014-08-05,48
2262,236,45,2014-09-30,4
230,2828,45,2014-08-26,7
654,617,1,2014-09-07,14
828,1545,24,2014-07-02,48
1730,1227,53,2014-10-30,16
2506,882,53,2014-06-25,19
2575,483,1,2014-11-16,4
2942,2782,53,2014-06-23,3
433,667,53,2014-08-31,1
460,66,24,2014-08-01,3
639,1473,45,2014-08-01,48
1055,1334,24,2014-10-21,48
1450,544,1,2014-10-19,3
1933,1466,1,2014-11-16,8
2139,2151,53,2014-04-26,1
2213,1431,53,2014-10-14,44
2360,2988,1,2014-11-19,8
2479,2214,53,2014-09-02,13
2492,502,1,2014-07-29,34
2555,2330,15,2014-10-12,8
2557,1470,45,2014-06-06,34
2744,1751,45,2014-09-16,1
172,578,37,2014-10-09,4
981,476,53,2014-10-18,16
1268,2878,37,2014-10-19,4
1278,144,37,2014-05-23,16
1352,510,24,2014-05-01,16
2481,1052,1,2014-10-17,16
2768,2316,53,2014-10-18,16
2778,320,45,2014-11-15,1
2852,956,1,2014-05-30,38
121,2834,1,2014-09-18,48
224,441,24,2014-09-15,3
422,409,53,2014-08-16,4
673,2068,1,2014-10-04,8
749,2623,37,2014-05-24,16
889,528,37,2014-10-30,8
1231,434,1,2014-09-02,4
1243,1180,1,2014-08-15,1
1458,2552,24,2014-09-25,10
1621,2263,24,2014-06-30,1
2173,203,1,2014-11-07,3
2249,1949,37,2014-08-08,6
2389,2671,1,2014-09-30,46
2725,1084,15,2014-09-26,1
2731,208,24,2014-09-16,16
2775,2595,45,2014-11-19,1
2958,2925,1,2014-10-09,1
146,2241,1,2014-08-23,3
164,2473,37,2014-07-25,16
785,1829,53,2014-05-20,48
880,2123,37,2014-10-29,4
883,1845,37,2014-10-25,16
1069,2423,1,2014-09-04,44
1078,2276,15,2014-10-17,3
1434,1451,15,2014-09-19,8
1646,488,24,2014-11-17,7
2483,2407,45,2014-10-31,48
103,452,24,2014-08-12,16
200,2779,53,2014-09-14,5
437,1076,37,2014-08-12,1
657,2248,45,2014-08-17,16
1052,1744,53,2014-11-21,19
1603,1430,24,2014-09-04,7
1700,1673,53,2014-05-22,3
2552,2422,1,2014-06-12,48
263,354,53,2014-07-01,3
542,2402,37,2014-09-07,4
1763,1761,53,2014-09-03,48
1941,1178,53,2014-11-21,1
2010,40,37,2014-10-12,1
2191,555,37,2014-08-06,3
2376,504,37,2014-06-20,2
621,2584,24,2014-09-18,41
628,2066,53,2014-08-26,34
1667,1942,37,2014-05-24,8
1948,399,53,2014-09-05,48
2121,1383,53,2014-06-07,5
2308,1783,1,2014-11-26,5
2788,1173,1,2014-11-17,34
124,2790,24,2014-07-01,16
452,1492,37,2014-07-05,34
739,2525,37,2014-09-22,16
911,457,37,2014-07-28,16
1952,2111,45,2014-10-24,16
1983,616,53,2014-09-11,3
2087,1939,24,2014-11-12,4
2392,1101,24,2014-10-09,16
2507,1192,1,2014-09-27,13
2816,2299,53,2014-10-09,3
33,1922,1,2014-09-14,9
170,428,45,2014-08-01,3
292,1382,37,2014-07-01,31
684,2594,37,2014-10-17,4
856,2370,1,2014-07-02,16
1263,512,15,2014-06-21,5
1912,2149,37,2014-11-28,34
2356,2655,37,2014-10-18,1
2648,2932,1,2014-07-19,48
2763,1703,1,2014-11-16,3
111,980,37,2014-07-09,34
688,1453,37,2014-10-29,27
1577,1133,53,2014-05-16,40
1611,379,53,2014-11-16,20
2188,71,24,2014-09-11,8
2647,2974,24,2014-09-02,16
540,334,37,2014-07-24,4
1030,1567,1,2014-11-16,1
1561,2088,37,2014-10-18,40
2040,2966,1,2014-08-18,16
2536,1233,1,2014-07-15,48
2785,2122,53,2014-11-04,46
2898,2924,1,2014-04-28,19
895,2393,53,2014-05-02,8
1068,1691,24,2014-04-24,48
1420,1081,37,2014-10-23,20
1430,2098,24,2014-10-22,7
2044,906,24,2014-04-20,48
2395,506,24,2014-11-20,1
2590,2654,15,2014-09-09,34
2930,2755,1,2014-11-08,16
698,1188,37,2014-10-18,29
707,2960,45,2014-10-12,17
920,1450,53,2014-06-13,16
1259,2560,24,2014-05-31,1
1390,491,37,2014-04-30,3
2198,30,37,2014-11-01,2
2401,1694,53,2014-08-29,9
2414,780,37,2014-11-06,4
2420,897,53,2014-10-18,7
2890,1330,15,2014-09-08,16
444,195,37,2014-09-04,34
548,2175,37,2014-09-03,8
1783,281,37,2014-11-03,7
2048,1065,15,2014-11-03,48
2178,365,53,2014-07-14,7
535,2864,37,2014-09-10,3
653,924,15,2014-07-18,7
778,951,45,2014-10-29,7
1311,2112,37,2014-09-16,3
1443,497,1,2014-06-28,4
1755,50,37,2014-10-31,48
2035,1476,1,2014-10-30,5
2153,127,53,2014-11-12,8
2278,550,37,2014-04-03,4
2649,293,1,2014-11-08,34
2780,220,1,2014-11-25,2
2811,2345,45,2014-07-31,8
2943,2564,1,2014-10-22,4
1,2835,15,2014-07-06,9
2,1467,37,2014-10-26,7
4,1752,1,2014-07-15,4
7,2023,1,2014-09-16,8
9,1172,1,2014-09-07,7
10,37,37,2014-08-01,5
12,1205,1,2014-07-28,20
13,2882,37,2014-09-05,3
14,2428,15,2014-08-07,1
15,742,37,2014-07-01,31
17,404,1,2014-09-18,8
18,823,37,2014-09-10,3
19,1474,15,2014-08-31,7
20,1914,53,2014-09-23,5
22,1112,37,2014-07-23,28
24,2965,1,2014-07-11,28
28,641,15,2014-07-26,28
29,1989,37,2014-09-15,7
31,1652,15,2014-07-09,20
32,2660,53,2014-08-19,28
34,1610,15,2014-08-03,20
35,1008,15,2014-09-17,4
36,1919,15,2014-08-19,2
39,610,37,2014-07-10,4
41,2211,1,2014-09-18,5
42,2979,1,2014-08-10,7
44,530,37,2014-07-01,7
45,1847,37,2014-07-24,7
48,1814,1,2014-08-26,1
49,2386,15,2014-07-17,1
50,2343,15,2014-08-12,34
51,1132,1,2014-09-13,13
52,84,37,2014-07-26,34
56,1972,1,2014-07-03,1
58,2713,37,2014-08-08,1
60,46,15,2014-08-13,16
61,232,53,2014-09-25,35
62,2114,1,2014-07-26,1
64,1605,15,2014-09-23,27
66,101,37,2014-08-23,16
67,2582,1,2014-07-03,16
68,1300,1,2014-07-19,1
69,1906,37,2014-09-01,2
71,2426,24,2014-09-26,48
73,1160,37,2014-07-18,16
75,448,15,2014-09-30,4
77,1641,15,2014-08-17,48
78,2603,37,2014-09-23,20
81,2752,15,2014-09-02,7
83,433,37,2014-08-23,16
84,1533,37,2014-07-25,1
85,2264,1,2014-09-30,7
86,538,15,2014-08-12,16
90,2105,1,2014-08-01,48
91,867,53,2014-09-20,34
93,1139,37,2014-09-05,41
97,1116,37,2014-09-18,16
100,2311,15,2014-09-23,16
101,28,37,2014-08-18,34
104,1438,15,2014-07-11,1
106,1730,15,2014-09-06,19
109,1327,37,2014-09-15,41
110,2246,37,2014-09-04,48
113,2651,53,2014-09-14,16
115,1701,15,2014-09-17,16
119,2021,37,2014-07-10,16
123,2987,37,2014-09-22,1
125,2202,1,2014-07-24,48
126,1596,37,2014-08-01,34
127,1883,1,2014-09-07,34
128,262,53,2014-08-26,16
129,2646,1,2014-07-17,16
130,8,37,2014-08-12,16
132,1825,37,2014-07-26,16
133,584,15,2014-09-03,16
134,2830,1,2014-08-23,48
135,630,24,2014-07-05,48
136,807,37,2014-07-03,34
138,2085,15,2014-08-08,16
143,81,15,2014-08-26,3
144,1864,45,2014-09-23,16
147,138,24,2014-07-03,16
148,2911,1,2014-07-19,16
151,1016,53,2014-09-26,34
155,559,37,2014-09-30,16
160,1828,53,2014-09-26,16
161,7,37,2014-09-02,48
163,56,15,2014-08-23,1
167,230,15,2014-10-01,9
169,2028,15,2014-07-24,3
171,2310,1,2014-11-15,27
174,2919,37,2014-09-16,3
179,1988,37,2014-07-28,3
182,408,53,2014-07-01,3
186,2441,45,2014-08-31,6
189,1329,45,2014-07-23,1
190,2142,45,2014-08-12,5
191,1200,37,2014-07-11,2
197,2532,53,2014-09-04,8
198,1810,37,2014-07-09,8
199,2269,1,2014-08-19,3
202,2191,37,2014-09-17,4
204,2789,37,2014-08-07,8
205,540,1,2014-07-05,4
207,1362,37,2014-09-10,3
209,1983,37,2014-08-10,7
212,1648,15,2014-07-24,8
213,2705,15,2014-08-01,8
214,2761,37,2014-09-07,8
217,2304,1,2014-08-12,42
218,2301,37,2014-09-13,7
225,1342,15,2014-08-08,42
226,447,15,2014-08-01,5
227,930,45,2014-08-13,1
228,1043,1,2014-09-25,3
229,1726,15,2014-07-26,4
231,1353,53,2014-09-23,8
232,2873,1,2014-09-29,3
233,1575,45,2014-08-23,4
234,2588,37,2014-07-03,8
235,2351,1,2014-07-19,7
240,1094,1,2014-07-18,8
243,2879,15,2014-08-18,4
245,2822,45,2014-09-23,4
247,2277,37,2014-09-26,20
248,1046,37,2014-09-02,2
250,1328,37,2014-08-23,8
251,370,37,2014-07-25,3
252,1851,37,2014-09-30,4
253,1434,37,2014-05-04,16
254,249,37,2014-06-18,34
255,2156,37,2014-09-16,7
258,2436,37,2014-08-01,4
260,1672,37,2014-07-28,8
261,1494,37,2014-09-05,34
262,1934,37,2014-08-07,6
264,2411,37,2014-09-21,34
265,2038,45,2014-09-18,41
271,1687,1,2014-08-12,4
272,1623,37,2014-07-11,1
275,816,53,2014-08-08,3
277,2889,37,2014-09-15,16
279,130,53,2014-07-09,9
282,413,37,2014-08-03,4
283,935,15,2014-09-17,48
284,2499,45,2014-08-19,7
285,2026,1,2014-08-07,7
289,1861,15,2014-09-18,16
295,378,45,2014-09-07,48
296,416,15,2014-08-26,1
297,1225,1,2014-07-17,36
301,2520,37,2014-09-03,34
304,2495,37,2014-07-03,10
306,286,1,2014-08-08,3
309,2913,24,2014-09-25,16
310,432,15,2014-07-26,34
313,2057,15,2014-09-29,48
314,553,37,2014-08-23,3
315,185,37,2014-07-03,22
316,631,1,2014-07-19,48
317,848,53,2014-09-01,16
318,1815,1,2014-08-10,8
320,2093,1,2014-09-17,48
321,1531,37,2014-07-18,32
322,1028,37,2014-09-07,34
323,1904,15,2014-09-30,34
324,2328,15,2014-08-18,4
325,2927,45,2014-08-17,4
326,2032,15,2014-09-23,16
327,1539,24,2014-09-12,16
328,1478,37,2014-09-26,48
329,1560,1,2014-09-02,16
330,681,45,2014-07-30,27
331,1318,45,2014-08-23,6
332,1631,1,2014-07-25,27
333,1316,37,2014-09-30,16
334,2593,37,2014-06-26,34
335,49,37,2014-09-16,48
336,2484,24,2014-08-16,8
337,809,15,2014-09-07,3
338,2239,45,2014-08-01,5
339,2498,37,2014-09-20,3
341,2722,15,2014-09-05,3
342,336,1,2014-08-07,4
343,1924,1,2014-07-01,11
344,1749,1,2014-09-21,1
345,400,1,2014-09-18,2
347,2462,45,2014-08-31,3
348,152,1,2014-09-23,3
349,410,15,2014-08-18,4
350,2710,15,2014-07-23,34
351,2573,53,2014-08-12,4
352,1859,15,2014-07-11,27
353,979,15,2014-07-31,17
354,2319,37,2014-09-06,8
355,2356,37,2014-08-08,8
356,2003,15,2014-07-26,49
357,2258,45,2014-09-15,4
358,1191,15,2014-09-04,4
359,2109,1,2014-07-09,35
360,1113,1,2014-08-19,7
361,366,1,2014-09-14,6
362,2087,37,2014-08-03,8
364,2063,53,2014-08-19,3
365,2598,37,2014-08-07,42
366,461,37,2014-07-05,14
367,1299,37,2014-07-10,30
368,696,37,2014-09-10,5
369,477,37,2014-09-18,4
370,2910,37,2014-08-10,8
371,1606,37,2014-09-22,3
372,1245,37,2014-07-01,20
373,1981,37,2014-07-24,2
374,1436,37,2014-08-01,3
375,2720,37,2014-09-07,4
376,335,37,2014-08-26,5
377,2668,37,2014-07-17,4
378,2977,37,2014-08-12,1
379,2989,37,2014-09-13,4
380,1464,37,2014-07-26,7
381,2529,37,2014-09-03,8
382,57,37,2014-08-23,7
384,2080,37,2014-07-03,1
386,1593,37,2014-08-08,4
387,2866,37,2014-08-01,9
391,2547,37,2014-08-26,1
392,141,37,2014-09-23,3
394,1787,37,2014-08-23,32
396,1696,37,2014-07-19,1
398,331,37,2014-08-10,49
399,2243,37,2014-09-26,3
400,367,37,2014-09-17,5
401,1714,37,2014-07-18,1
402,1350,37,2014-09-07,1
403,1600,37,2014-09-30,7
404,1665,37,2014-08-18,22
405,2129,37,2014-08-17,25
406,2188,37,2014-09-23,4
407,1005,37,2014-09-12,9
408,2635,24,2014-09-26,4
410,602,53,2014-07-30,16
411,997,24,2014-08-23,2
412,806,37,2014-07-25,1
413,627,1,2014-09-30,44
414,2542,45,2014-07-14,16
415,2437,1,2014-08-05,2
416,731,45,2014-07-13,19
418,1833,1,2014-06-17,1
419,295,15,2014-11-16,24
420,1360,45,2014-05-21,16
421,896,37,2014-09-16,37
423,2457,15,2014-09-07,48
425,1413,1,2014-09-20,35
426,1968,53,2014-07-28,1
427,1650,1,2014-09-05,20
428,1303,45,2014-08-07,7
429,2169,24,2014-07-01,48
430,1066,45,2014-09-21,2
431,1892,1,2014-09-18,4
432,862,1,2014-09-10,7
435,2000,24,2014-08-18,6
438,803,1,2014-07-11,16
441,375,37,2014-08-08,42
443,255,37,2014-09-15,34
445,2237,37,2014-07-09,1
447,2358,37,2014-09-14,1
448,2008,37,2014-08-03,3
450,2390,37,2014-08-19,1
453,2662,37,2014-07-10,34
455,1839,37,2014-09-18,1
456,746,37,2014-08-10,1
457,994,37,2014-09-22,16
461,1213,45,2014-09-07,19
463,2140,37,2014-07-17,48
464,1441,24,2014-08-12,4
465,976,15,2014-09-13,41
466,1868,37,2014-07-26,16
467,1846,45,2014-09-03,48
468,2247,15,2014-08-23,4
469,1664,45,2014-07-05,16
470,2647,1,2014-07-03,48
471,490,37,2014-09-15,16
472,684,1,2014-08-08,6
473,2565,53,2014-08-01,8
474,1625,37,2014-08-13,5
475,1457,37,2014-09-25,16
476,1997,37,2014-07-26,34
477,2053,37,2014-08-26,4
478,202,37,2014-09-23,1
479,1025,37,2014-09-29,48
480,1389,37,2014-08-23,3
481,2439,37,2014-07-03,34
482,143,37,2014-07-19,16
483,2888,37,2014-09-01,1
484,1307,37,2014-08-10,4
485,190,37,2014-09-26,34
486,1695,37,2014-09-17,34
487,2694,37,2014-07-18,16
488,1285,37,2014-09-07,16
489,2494,37,2014-09-30,16
490,560,37,2014-08-18,4
491,668,1,2014-08-17,8
492,2083,1,2014-09-23,48
493,1461,1,2014-09-12,16
494,2885,15,2014-09-26,16
495,315,15,2014-09-02,48
496,2342,15,2014-07-30,48
497,1433,1,2014-08-23,7
498,794,15,2014-07-25,16
499,775,37,2014-09-30,34
501,2555,37,2014-10-28,6
502,2235,1,2014-09-16,34
503,2485,45,2014-08-16,8
505,1591,1,2014-08-01,42
506,2468,45,2014-09-20,16
507,2571,37,2014-07-28,16
508,1198,1,2014-09-05,48
509,2680,15,2014-08-07,42
510,1159,1,2014-07-01,48
512,628,1,2014-09-18,16
513,648,45,2014-09-10,48
514,795,1,2014-08-31,8
516,1357,15,2014-08-18,3
517,385,15,2014-07-23,3
521,142,15,2014-09-06,3
523,1586,37,2014-07-26,1
526,1929,37,2014-07-09,2
530,808,37,2014-09-17,1
531,2509,37,2014-08-19,9
532,26,37,2014-08-07,4
533,706,37,2014-07-05,1
534,2217,37,2014-07-10,3
536,1653,37,2014-09-18,8
538,1639,37,2014-09-22,4
539,2855,37,2014-07-01,8
541,1049,37,2014-08-01,28
543,2049,37,2014-08-26,12
544,222,37,2014-07-17,4
545,1210,37,2014-08-12,12
546,1808,37,2014-09-13,6
550,2544,37,2014-07-05,8
551,873,1,2014-07-03,5
553,233,37,2014-08-08,24
554,977,15,2014-08-01,20
555,2150,15,2014-08-13,2
557,2183,37,2014-07-26,4
558,2206,37,2014-08-26,4
559,1501,37,2014-09-23,3
564,1141,15,2014-09-01,4
565,879,37,2014-08-10,7
566,1120,1,2014-09-26,8
569,2469,1,2014-09-07,8
570,2434,45,2014-09-30,3
572,2099,24,2014-08-17,34
573,1038,1,2014-09-23,3
574,590,45,2014-09-12,8
575,1048,37,2014-09-26,3
576,995,37,2014-09-02,5
577,2639,37,2014-07-30,8
580,1890,37,2014-09-30,1
581,1408,37,2014-07-29,8
582,1776,37,2014-11-15,38
583,1930,37,2014-09-16,7
584,562,37,2014-10-12,8
585,496,37,2014-11-09,10
586,5,37,2014-11-26,38
587,1181,37,2014-09-16,4
589,863,37,2014-09-07,9
591,250,37,2014-09-20,4
595,58,37,2014-07-01,3
597,163,37,2014-09-18,25
599,618,37,2014-08-31,1
601,2617,37,2014-08-18,16
604,328,37,2014-07-11,3
605,339,37,2014-07-31,5
606,1242,37,2014-09-06,22
607,2985,37,2014-08-08,1
608,2297,37,2014-07-26,1
610,1293,37,2014-09-04,4
611,280,37,2014-07-09,7
613,2406,37,2014-09-14,31
615,2718,1,2014-09-17,11
618,2518,37,2014-07-05,4
619,2116,24,2014-07-10,9
623,985,45,2014-09-22,9
624,2474,15,2014-07-01,4
626,1656,1,2014-08-01,1
633,2897,15,2014-09-03,22
634,2190,1,2014-08-23,16
636,833,37,2014-07-03,2
637,1835,15,2014-09-15,32
638,804,15,2014-08-08,16
642,2100,1,2014-07-26,20
643,1435,37,2014-08-26,16
644,1032,37,2014-09-23,7
645,732,15,2014-09-29,34
647,2427,15,2014-07-03,2
650,881,37,2014-08-10,34
651,2062,24,2014-09-26,16
656,254,15,2014-08-18,34
659,362,15,2014-09-12,34
662,1373,37,2014-07-30,7
666,2951,37,2014-10-13,5
669,2944,1,2014-10-29,3
670,389,15,2014-09-05,20
674,2194,15,2014-09-11,2
675,2684,37,2014-10-26,7
678,2721,37,2014-10-22,3
680,964,1,2014-10-30,3
681,508,1,2014-10-19,5
682,898,1,2014-10-14,1
683,2771,37,2014-10-04,7
685,63,37,2014-10-04,9
687,1485,37,2014-10-06,39
689,796,37,2014-10-25,10
691,2760,37,2014-10-18,48
693,1717,37,2014-10-30,38
694,1230,37,2014-09-16,7
696,822,37,2014-09-04,1
697,2035,37,2014-10-14,11
699,2480,37,2014-09-05,34
700,611,24,2014-10-22,9
701,986,45,2014-10-17,16
703,779,15,2014-09-11,1
704,2576,37,2014-10-17,24
708,1145,37,2014-10-13,36
709,2905,15,2014-09-02,16
710,1594,15,2014-09-18,1
711,1106,1,2014-10-04,15
713,1149,37,2014-09-24,16
714,1027,37,2014-10-23,17
715,1140,37,2014-09-30,19
716,326,37,2014-09-05,1
717,567,37,2014-09-01,48
720,98,37,2014-10-27,3
721,287,37,2014-10-30,44
723,676,37,2014-10-27,3
724,1315,37,2014-11-28,20
726,2745,37,2014-10-30,3
727,1515,37,2014-07-09,34
729,1753,37,2014-05-26,34
731,1795,24,2014-08-24,16
735,1994,37,2014-10-13,1
736,2317,37,2014-11-28,36
737,2736,37,2014-11-12,30
740,1261,37,2014-08-29,48
741,958,37,2014-06-17,8
743,1598,37,2014-08-03,3
744,1711,37,2014-10-17,2
745,2601,37,2014-11-16,37
746,105,37,2014-07-31,34
748,92,37,2014-11-16,20
750,2616,37,2014-08-19,3
752,786,37,2014-09-27,1
753,729,37,2014-08-02,1
755,1011,37,2014-07-01,16
756,19,37,2014-10-13,20
757,1325,37,2014-05-17,16
758,2416,37,2014-10-29,20
759,1946,37,2014-06-26,4
761,1170,37,2014-10-16,44
762,1481,37,2014-07-28,1
763,383,15,2014-08-23,2
764,2132,1,2014-10-17,2
765,1671,15,2014-05-13,48
766,1806,1,2014-10-02,4
768,1369,15,2014-08-21,1
769,566,37,2014-10-10,7
770,1432,37,2014-09-08,4
776,1680,15,2014-08-01,4
779,260,15,2014-06-10,1
782,2424,37,2014-11-13,18
783,1511,15,2014-06-21,16
784,1886,15,2014-08-24,4
786,1931,15,2014-09-05,7
788,373,15,2014-11-15,25
789,891,45,2014-11-23,12
791,1045,37,2014-10-21,1
793,613,15,2014-06-09,6
795,1766,15,2014-11-26,4
798,751,45,2014-06-27,8
799,193,15,2014-06-12,1
800,2859,24,2014-09-25,48
801,2992,1,2014-10-04,34
802,2197,37,2014-10-31,1
804,1911,1,2014-07-27,19
806,1143,15,2014-05-06,3
807,2970,37,2014-11-22,1
808,1262,37,2014-06-28,48
810,1232,37,2014-09-11,1
812,1582,37,2014-10-22,16
813,2863,37,2014-09-20,34
814,778,37,2014-10-12,1
815,1487,37,2014-10-11,34
816,1642,37,2014-08-30,8
818,2069,37,2014-07-31,1
819,2166,37,2014-08-30,5
822,2207,37,2014-10-22,16
824,1820,15,2014-05-29,1
826,2622,15,2014-11-16,47
830,1632,1,2014-06-03,4
831,177,1,2014-11-28,7
832,1265,24,2014-11-12,1
833,556,45,2014-10-21,4
835,1458,45,2014-10-24,4
837,2504,53,2014-11-16,34
839,1465,37,2014-10-14,16
840,845,1,2014-05-15,1
841,1932,37,2014-10-04,16
842,1805,37,2014-10-17,1
844,2961,1,2014-11-13,34
847,1419,1,2014-05-11,3
849,1676,45,2014-06-27,3
852,2700,37,2014-10-04,48
853,2933,53,2014-08-21,4
854,724,1,2014-10-20,1
857,1071,15,2014-07-06,1
858,2715,15,2014-10-26,5
860,2230,1,2014-10-24,1
861,2801,37,2014-10-12,44
863,1287,37,2014-10-02,16
864,2854,1,2014-05-18,8
867,118,24,2014-05-13,4
868,884,37,2014-11-23,16
870,2857,45,2014-11-13,1
872,1301,37,2014-06-23,4
873,210,15,2014-10-09,40
874,1070,37,2014-06-15,8
876,165,1,2014-10-06,34
877,752,15,2014-10-29,34
878,541,37,2014-07-20,1
879,214,37,2014-11-17,26
881,113,37,2014-05-22,4
882,382,37,2014-09-19,16
884,2719,37,2014-11-01,20
886,1031,37,2014-05-21,6
887,2816,37,2014-10-10,1
890,1521,37,2014-09-20,16
891,1499,37,2014-08-19,4
892,1047,37,2014-10-27,16
893,2353,37,2014-10-19,7
894,1816,37,2014-08-25,4
896,999,24,2014-10-15,19
899,2200,37,2014-10-14,8
901,1590,37,2014-04-01,16
904,198,37,2014-10-18,48
906,1020,37,2014-10-04,3
907,619,37,2014-07-15,34
910,2845,37,2014-07-12,16
912,2785,37,2014-11-07,4
913,172,37,2014-10-17,16
914,425,37,2014-05-24,3
918,1358,37,2014-10-15,16
922,734,37,2014-11-12,7
930,902,1,2014-06-09,16
931,2164,1,2014-08-27,3
932,467,53,2014-09-06,16
933,2765,15,2014-10-12,48
934,1229,45,2014-10-19,1
935,1746,45,2014-05-13,4
936,2478,24,2014-09-16,48
937,1635,45,2014-11-16,1
938,51,45,2014-06-10,8
939,352,37,2014-09-08,48
940,702,1,2014-06-21,3
942,135,45,2014-09-29,34
944,500,37,2014-06-25,1
945,1725,15,2014-08-25,8
946,2387,37,2014-05-25,4
947,1609,37,2014-10-19,34
948,2005,1,2014-10-31,34
949,2491,53,2014-08-04,42
950,2814,37,2014-04-18,48
952,723,15,2014-10-04,8
953,76,45,2014-08-01,5
954,1000,53,2014-06-01,48
955,1830,15,2014-10-09,3
957,1168,37,2014-06-17,34
958,927,37,2014-04-25,16
960,1577,24,2014-09-27,34
962,2893,37,2014-06-12,1
963,2615,37,2014-08-28,1
964,1779,37,2014-07-31,48
965,2056,37,2014-10-06,5
966,499,37,2014-10-09,16
967,2780,37,2014-08-30,7
968,629,37,2014-08-05,4
969,664,37,2014-09-04,34
970,1488,37,2014-10-11,16
971,2361,37,2014-10-29,1
972,1741,37,2014-07-28,34
973,36,37,2014-09-06,34
974,191,37,2014-10-14,16
975,837,37,2014-10-31,48
976,469,37,2014-11-15,34
977,2964,37,2014-10-25,7
978,1719,37,2014-05-06,8
979,498,1,2014-05-04,7
980,1175,15,2014-04-24,16
982,2620,37,2014-06-28,7
983,2224,45,2014-06-26,34
984,1152,1,2014-09-14,16
985,2843,53,2014-05-11,8
986,1669,15,2014-09-01,16
988,2401,37,2014-04-22,1
989,1108,53,2014-08-13,9
990,776,45,2014-05-16,3
992,283,1,2014-05-24,3
993,114,24,2014-04-08,48
994,423,45,2014-07-02,34
996,717,1,2014-09-19,48
997,1620,15,2014-07-11,16
998,153,37,2014-06-13,4
999,866,37,2014-10-28,16
1000,2148,37,2014-09-01,16
1001,2909,37,2014-11-28,1
1002,1468,37,2014-10-11,16
1003,2890,37,2014-06-09,9
1004,47,37,2014-05-23,8
1005,2128,37,2014-07-12,16
1006,1973,37,2014-08-09,4
1007,975,37,2014-05-27,3
1008,1102,37,2014-07-23,48
1009,570,37,2014-05-28,5
1010,1740,37,2014-10-18,9
1011,2614,37,2014-04-25,1
1012,1297,37,2014-11-01,1
1013,2637,37,2014-10-25,48
1014,468,37,2014-05-24,1
1015,767,37,2014-05-05,7
1016,1990,37,2014-09-05,48
1017,237,24,2014-10-22,16
1018,1306,15,2014-10-20,34
1019,2173,37,2014-04-05,34
1020,828,15,2014-11-04,16
1021,2511,45,2014-06-25,4
1022,872,37,2014-06-27,48
1023,1964,15,2014-05-02,4
1024,846,37,2014-05-19,9
1032,2443,24,2014-04-13,34
1033,659,45,2014-09-15,16
1036,2010,15,2014-08-01,9
1037,167,1,2014-10-09,16
1038,2451,1,2014-08-25,20
1039,2815,45,2014-06-22,4
1040,2538,1,2014-06-27,48
1041,415,1,2014-07-23,16
1042,1109,15,2014-04-27,16
1043,1365,53,2014-07-03,48
1044,959,1,2014-10-30,1
1046,2519,37,2014-05-22,11
1047,2265,15,2014-06-23,34
1048,1891,24,2014-10-17,16
1049,579,15,2014-11-21,16
1050,1570,37,2014-09-16,3
1051,1004,1,2014-10-28,16
1053,2146,37,2014-06-17,46
1054,1661,15,2014-06-26,4
1056,67,1,2014-04-18,16
1057,2236,15,2014-07-01,3
1059,1073,1,2014-11-18,1
1060,868,45,2014-09-01,3
1061,522,24,2014-09-30,48
1062,442,1,2014-06-12,7
1064,1943,45,2014-09-21,3
1065,455,53,2014-06-09,7
1066,2389,37,2014-09-29,3
1067,1675,15,2014-07-04,3
1070,2271,37,2014-10-14,1
1072,2102,37,2014-06-23,34
1073,720,15,2014-09-11,44
1074,1410,45,2014-06-27,1
1075,478,1,2014-04-07,16
1077,1565,15,2014-08-24,4
1079,15,37,2014-10-17,3
1080,1384,37,2014-11-05,48
1081,2884,1,2014-08-18,7
1084,418,37,2014-10-18,2
1085,2472,1,2014-06-03,40
1087,463,15,2014-06-27,3
1088,1204,37,2014-09-03,1
1090,519,37,2014-06-23,3
1091,1095,1,2014-08-30,7
1093,2580,45,2014-09-12,2
1094,1259,45,2014-07-11,1
1100,2940,15,2014-09-18,1
1102,1995,1,2014-07-19,2
1105,542,45,2014-06-29,46
1108,2145,37,2014-07-04,1
1109,2352,24,2014-10-17,8
1114,1700,45,2014-10-04,48
1117,1757,37,2014-09-11,4
1119,1264,1,2014-06-15,16
1120,2046,1,2014-09-24,3
1121,1156,45,2014-04-15,34
1122,632,37,2014-10-08,3
1123,1858,37,2014-10-27,3
1126,2852,1,2014-05-21,2
1128,2553,37,2014-04-16,16
1133,521,15,2014-08-06,1
1137,2578,15,2014-11-21,34
1140,1050,1,2014-05-30,4
1141,861,1,2014-07-03,4
1143,109,15,2014-11-06,16
1145,1237,37,2014-09-02,44
1146,677,37,2014-10-31,2
1147,1998,37,2014-11-02,48
1148,2818,37,2014-10-17,6
1149,1296,37,2014-05-27,7
1152,2510,37,2014-04-07,16
1153,20,37,2014-09-18,8
1154,60,37,2014-10-04,4
1155,2773,37,2014-06-29,16
1156,996,37,2014-04-22,48
1157,344,37,2014-08-24,16
1158,2371,37,2014-10-11,1
1159,2626,37,2014-09-14,4
1162,17,37,2014-09-09,4
1163,2134,15,2014-06-27,48
1164,2392,37,2014-09-15,6
1165,2108,15,2014-07-10,5
1167,543,37,2014-05-09,7
1169,782,37,2014-05-28,40
1171,1281,37,2014-07-26,4
1172,2572,37,2014-10-23,8
1174,2788,37,2014-10-20,4
1176,709,37,2014-06-04,3
1177,2922,37,2014-08-28,1
1178,1195,37,2014-10-08,4
1180,494,37,2014-09-22,8
1182,692,37,2014-11-20,16
1183,1335,37,2014-10-07,8
1185,2856,15,2014-06-05,2
1186,1937,15,2014-11-11,16
1192,2338,45,2014-10-31,3
1193,1322,45,2014-06-07,1
1194,1980,1,2014-07-18,4
1196,1177,1,2014-05-27,34
1197,621,15,2014-08-28,16
1198,824,37,2014-09-30,3
1199,1484,24,2014-07-25,8
1200,1337,37,2014-11-07,48
1201,859,37,2014-07-14,7
1202,1196,37,2014-10-17,8
1203,3000,37,2014-06-11,3
1205,27,37,2014-09-30,4
1206,1900,37,2014-09-09,5
1208,1003,37,2014-07-22,8
1209,2460,37,2014-10-15,4
1211,358,37,2014-09-24,6
1212,1444,37,2014-08-31,1
1214,1775,37,2014-10-23,4
1215,1446,37,2014-04-02,3
1216,2279,37,2014-06-09,8
1217,675,15,2014-10-12,4
1222,666,37,2014-07-01,3
1223,1040,53,2014-08-24,16
1224,2839,15,2014-08-03,16
1225,1721,15,2014-05-26,40
1226,531,37,2014-10-16,8
1227,1037,1,2014-09-25,4
1234,1286,37,2014-08-23,48
1235,2799,37,2014-05-12,8
1237,871,45,2014-10-23,8
1244,1802,1,2014-11-04,16
1246,949,45,2014-04-19,2
1248,1871,15,2014-05-26,16
1253,827,1,2014-06-01,6
1254,2072,37,2014-04-16,1
1256,2483,24,2014-06-24,8
1258,894,37,2014-09-18,4
1260,1599,15,2014-04-15,3
1261,1378,15,2014-05-13,48
1262,1263,37,2014-05-18,4
1265,2795,15,2014-09-01,44
1266,2868,24,2014-05-06,16
1269,1428,37,2014-04-03,4
1270,2739,1,2014-05-02,6
1272,341,1,2014-05-30,8
1273,454,37,2014-04-30,4
1275,2621,1,2014-06-29,3
1276,2663,15,2014-11-11,16
1277,1945,37,2014-09-03,7
1280,1525,53,2014-10-08,3
1283,1194,15,2014-10-05,8
1284,2334,24,2014-08-26,16
1285,1013,15,2014-10-04,8
1288,1371,1,2014-10-27,4
1289,931,45,2014-04-20,6
1290,564,15,2014-08-16,16
1292,1280,1,2014-11-19,48
1294,2943,37,2014-09-24,8
1295,974,53,2014-05-17,4
1296,1395,1,2014-10-27,8
1298,1743,24,2014-05-21,3
1299,397,45,2014-10-23,3
1300,2729,37,2014-10-30,7
1302,1667,1,2014-05-16,4
1303,342,37,2014-08-05,16
1304,2137,15,2014-06-26,7
1305,2254,15,2014-06-01,8
1307,2186,15,2014-10-13,8
1308,2527,24,2014-10-17,3
1312,1878,37,2014-05-05,1
1313,1569,37,2014-06-02,3
1314,1144,37,2014-09-08,3
1316,1513,37,2014-09-05,3
1317,1984,37,2014-10-17,5
1318,2558,37,2014-04-29,5
1319,2199,37,2014-10-26,1
1320,725,37,2014-05-27,4
1321,2397,37,2014-06-23,3
1322,2772,37,2014-05-07,34
1323,1500,37,2014-10-29,7
1324,1953,37,2014-09-09,3
1325,973,37,2014-10-21,5
1326,2946,37,2014-10-26,4
1327,2091,37,2014-10-24,1
1328,2817,15,2014-06-29,8
1335,2505,1,2014-04-27,4
1337,2872,37,2014-05-08,8
1339,625,15,2014-09-24,8
1344,2219,37,2014-08-15,34
1345,401,1,2014-08-20,34
1347,2490,45,2014-08-02,16
1350,1240,45,2014-09-05,8
1351,1349,15,2014-04-21,8
1353,1009,37,2014-10-21,9
1354,306,15,2014-10-09,4
1355,1583,24,2014-04-04,7
1359,1015,15,2014-05-10,8
1360,1189,1,2014-10-22,4
1361,1747,37,2014-11-24,1
1363,2968,15,2014-11-18,2
1364,2378,53,2014-09-08,3
1368,1707,15,2014-05-29,3
1369,1276,24,2014-07-29,5
1373,145,53,2014-09-01,44
1376,1396,1,2014-09-14,7
1377,810,1,2014-10-18,17
1378,314,15,2014-06-18,8
1379,1400,37,2014-07-21,9
1381,93,15,2014-11-09,1
1382,2793,24,2014-04-11,3
1383,271,37,2014-04-12,8
1387,829,37,2014-06-18,3
1388,390,37,2014-08-25,48
1389,638,37,2014-09-19,4
1391,1186,37,2014-05-12,16
1392,337,37,2014-04-18,5
1393,606,37,2014-10-12,46
1394,2290,37,2014-06-15,3
1395,471,37,2014-10-19,5
1396,649,37,2014-06-26,5
1397,920,37,2014-08-28,42
1398,2563,37,2014-07-05,14
1399,1162,37,2014-10-12,8
1400,1893,37,2014-06-04,5
1402,583,37,2014-04-29,1
1403,2562,15,2014-06-17,1
1406,2018,37,2014-09-13,9
1408,2724,15,2014-06-21,7
1409,2931,15,2014-05-06,48
1410,2454,37,2014-11-02,3
1412,1704,37,2014-06-13,4
1413,492,37,2014-10-03,39
1418,2886,37,2014-09-30,48
1423,107,37,2014-06-04,7
1427,697,45,2014-09-15,38
1428,1902,53,2014-09-09,11
1432,747,1,2014-10-29,8
1435,1898,53,2014-08-04,3
1436,2820,1,2014-08-18,1
1437,2418,15,2014-07-07,2
1442,2425,15,2014-04-13,4
1447,41,37,2014-04-16,9
1449,1800,45,2014-06-13,29
1451,1036,15,2014-07-24,4
1454,784,15,2014-06-16,4
1455,2289,15,2014-07-21,7
1457,1926,15,2014-06-06,27
1460,991,15,2014-10-04,3
1463,2125,37,2014-06-09,24
1464,65,24,2014-07-07,7
1467,317,37,2014-07-29,1
1468,609,37,2014-08-09,3
1471,644,45,2014-10-04,1
1472,2118,1,2014-10-21,7
1473,1769,37,2014-04-02,4
1474,474,37,2014-04-11,15
1475,91,37,2014-06-08,48
1476,392,37,2014-08-05,4
1477,2121,37,2014-04-18,37
1478,947,37,2014-06-24,22
1480,77,37,2014-08-16,4
1481,178,37,2014-07-22,34
1484,246,37,2014-07-21,34
1485,1029,37,2014-11-09,6
1486,1812,37,2014-08-12,6
1487,1014,37,2014-06-28,30
1488,2396,37,2014-11-12,8
1489,1442,37,2014-05-27,16
1490,89,37,2014-10-30,4
1495,1128,37,2014-10-14,34
1496,2791,1,2014-06-26,20
1497,1736,15,2014-07-08,1
1498,1187,53,2014-08-10,8
1500,1789,1,2014-08-14,5
1502,612,1,2014-11-09,4
1504,2283,1,2014-07-17,1
1511,2829,37,2014-06-16,4
1514,2440,37,2014-07-28,16
1516,2262,37,2014-10-26,1
1517,377,37,2014-05-31,16
1518,1234,37,2014-10-11,1
1519,990,37,2014-06-25,49
1520,1551,37,2014-05-12,20
1521,481,37,2014-08-22,42
1522,1452,37,2014-07-25,19
1524,1611,37,2014-10-06,4
1525,2327,37,2014-09-05,7
1526,674,37,2014-11-28,3
1532,2196,37,2014-09-11,1
1533,430,37,2014-10-29,9
1534,263,15,2014-05-15,2
1536,686,1,2014-07-31,1
1537,1460,45,2014-05-02,7
1538,2419,15,2014-09-05,34
1540,1388,24,2014-04-04,10
1541,1314,1,2014-05-22,16
1544,660,15,2014-11-16,8
1546,1506,45,2014-05-10,48
1548,1999,37,2014-06-08,7
1549,743,37,2014-05-04,40
1553,1142,37,2014-11-13,44
1556,2559,37,2014-10-01,1
1557,2976,37,2014-11-07,5
1558,665,37,2014-11-15,1
1559,722,37,2014-11-23,7
1560,2807,37,2014-11-13,4
1562,2545,37,2014-08-10,7
1563,355,37,2014-05-09,3
1564,2667,37,2014-07-01,16
1565,811,1,2014-05-05,3
1566,2160,1,2014-06-20,7
1567,2107,53,2014-06-22,1
1571,2001,45,2014-08-31,8
1572,2741,37,2014-05-21,34
1573,1121,15,2014-07-05,16
1575,2579,24,2014-11-09,3
1576,2113,1,2014-06-09,34
1578,1627,45,2014-08-23,3
1579,1897,15,2014-09-07,34
1582,2210,1,2014-10-30,20
1585,749,15,2014-04-07,36
1586,915,37,2014-11-22,4
1588,1087,24,2014-05-24,1
1589,2566,37,2014-10-07,48
1590,14,1,2014-09-16,2
1591,2452,45,2014-04-29,20
1592,701,1,2014-05-17,3
1593,1857,24,2014-07-14,1
1594,1872,37,2014-05-10,16
1596,2367,1,2014-09-29,4
1597,2871,15,2014-11-05,4
1598,865,1,2014-09-25,1
1599,672,37,2014-11-28,4
1600,2973,15,2014-11-08,1
1602,218,24,2014-09-30,1
1609,345,15,2014-08-05,8
1613,1793,45,2014-11-04,46
1614,485,37,2014-07-10,48
1615,851,37,2014-05-04,1
1616,2556,15,2014-06-18,48
1617,1969,15,2014-11-21,8
1619,1044,24,2014-05-13,1
1623,2754,37,2014-06-18,16
1624,2665,37,2014-06-26,16
1626,2652,37,2014-11-16,7
1628,2659,37,2014-06-03,19
1630,1970,37,2014-10-03,16
1631,1882,37,2014-10-18,1
1634,2073,37,2014-11-03,8
1635,596,37,2014-04-13,4
1636,918,37,2014-09-14,1
1637,760,37,2014-10-22,34
1640,1844,37,2014-07-11,34
1647,2536,15,2014-06-05,1
1648,1589,1,2014-04-02,7
1650,1089,1,2014-09-07,48
1651,1710,45,2014-11-14,3
1654,59,37,2014-06-10,34
1656,774,37,2014-08-18,3
1658,895,37,2014-07-15,34
1659,2320,1,2014-05-14,4
1662,2143,1,2014-11-01,7
1663,1323,45,2014-05-08,6
1664,887,24,2014-11-29,1
1665,2037,37,2014-11-06,7
1666,904,37,2014-10-30,1
1668,440,37,2014-04-06,7
1669,2632,37,2014-06-08,16
1670,847,37,2014-08-03,1
1671,1449,37,2014-09-12,16
1672,1093,37,2014-04-25,1
1675,1026,37,2014-07-24,16
1676,1874,37,2014-05-03,5
1679,2181,37,2014-11-11,1
1680,1110,37,2014-06-27,16
1681,2543,37,2014-05-11,4
1684,2002,37,2014-06-12,16
1689,608,24,2014-06-28,48
1691,1947,53,2014-07-31,16
1693,1356,15,2014-09-14,34
1696,2707,45,2014-09-30,1
1697,1756,1,2014-06-09,16
1699,503,37,2014-06-25,48
1701,2757,15,2014-08-21,7
1702,2039,37,2014-10-25,16
1706,376,1,2014-05-10,4
1707,615,37,2014-06-28,1
1708,598,37,2014-11-12,34
1709,869,37,2014-05-31,4
1711,2865,37,2014-08-26,4
1712,2040,37,2014-11-03,1
1713,2669,37,2014-09-05,34
1714,1742,37,2014-08-17,9
1716,889,37,2014-11-16,1
1717,937,37,2014-11-22,34
1719,1950,37,2014-09-18,16
1720,2653,37,2014-06-07,34
1723,940,37,2014-11-18,34
1724,1217,37,2014-06-01,16
1728,814,15,2014-10-29,48
1729,726,37,2014-06-27,16
1731,1448,37,2014-05-10,8
1733,205,15,2014-10-01,16
1734,1519,37,2014-11-04,16
1735,569,37,2014-08-11,27
1736,2070,37,2014-09-11,16
1737,2333,37,2014-04-17,40
1739,2374,37,2014-11-11,48
1741,34,37,2014-11-07,44
1742,2618,37,2014-04-10,1
1743,1471,37,2014-04-20,16
1744,1034,37,2014-07-25,48
1745,2800,37,2014-11-17,16
1746,2487,37,2014-06-06,48
1747,2692,37,2014-08-19,22
1749,2438,37,2014-09-09,19
1757,1505,1,2014-08-01,26
1760,1720,1,2014-08-01,14
1765,1557,15,2014-09-02,16
1768,777,15,2014-11-11,48
1772,1933,37,2014-08-19,6
1773,431,37,2014-06-17,16
1775,856,24,2014-10-13,34
1780,594,37,2014-05-28,3
1781,2939,37,2014-06-01,34
1782,2326,37,2014-11-26,16
1784,2756,37,2014-10-04,1
1785,1877,37,2014-04-07,40
1787,955,37,2014-11-12,3
1788,2052,37,2014-10-15,48
1789,1039,37,2014-10-15,16
1792,1838,37,2014-07-03,16
1793,2303,37,2014-06-28,16
1797,1341,15,2014-09-26,16
1799,1074,37,2014-11-28,1
1804,2086,1,2014-07-26,16
1805,2602,37,2014-10-31,16
1808,1965,15,2014-11-16,1
1809,2644,15,2014-11-16,46
1810,1302,15,2014-11-12,48
1812,1588,15,2014-11-16,16
1813,2266,45,2014-04-18,16
1814,298,1,2014-09-24,1
1815,1202,15,2014-11-03,1
1816,1573,1,2014-11-09,1
1818,1585,45,2014-08-16,50
1819,792,1,2014-11-13,16
1820,2746,24,2014-09-27,34
1821,844,1,2014-07-12,48
1822,192,15,2014-08-08,14
1823,1865,45,2014-08-05,47
1824,877,24,2014-05-12,3
1825,2686,1,2014-07-10,16
1826,1051,1,2014-11-14,34
1827,426,15,2014-04-13,16
1828,2748,1,2014-11-26,3
1829,384,45,2014-09-03,16
1830,2074,37,2014-05-19,5
1832,2198,37,2014-11-28,8
1833,2388,1,2014-11-28,4
1834,2321,15,2014-11-12,4
1836,1218,1,2014-11-07,1
1837,592,1,2014-06-23,3
1838,445,45,2014-04-12,1
1839,209,1,2014-11-16,6
1840,136,53,2014-06-26,3
1841,2442,37,2014-07-28,16
1842,2849,15,2014-09-22,16
1843,763,1,2014-11-13,8
1844,2459,1,2014-06-11,3
1845,1477,15,2014-10-03,48
1846,1167,15,2014-10-19,3
1847,971,1,2014-10-23,34
1848,2084,37,2014-04-17,48
1849,2273,15,2014-11-13,34
1850,1762,24,2014-11-15,48
1851,1226,1,2014-09-30,34
1852,322,15,2014-06-01,1
1853,574,1,2014-11-14,1
1854,2081,15,2014-11-07,5
1855,2945,37,2014-06-07,2
1856,699,37,2014-08-01,37
1857,670,37,2014-09-24,48
1858,1574,37,2014-07-20,48
1859,1556,37,2014-04-07,1
1860,2004,37,2014-11-22,1
1861,1727,37,2014-11-08,16
1862,1913,37,2014-07-23,3
1863,199,37,2014-10-21,3
1864,1221,37,2014-11-15,4
1865,2058,37,2014-09-05,16
1866,1633,37,2014-07-11,3
1867,402,37,2014-05-19,1
1868,1054,37,2014-07-17,3
1869,565,37,2014-11-19,1
1870,1535,37,2014-08-20,17
1871,225,37,2014-08-31,20
1873,2075,1,2014-10-09,3
1874,1909,24,2014-09-01,16
1875,945,37,2014-11-23,3
1876,1579,37,2014-08-14,2
1877,739,53,2014-10-19,1
1878,1836,1,2014-08-23,4
1879,1171,53,2014-11-08,16
1880,2842,24,2014-10-19,48
1881,122,45,2014-08-20,7
1882,405,1,2014-10-27,16
1883,1445,15,2014-07-29,1
1884,1387,15,2014-09-30,16
1885,850,1,2014-10-14,44
1886,1674,45,2014-08-13,7
1887,1788,1,2014-07-05,2
1888,1738,1,2014-04-20,34
1889,1243,37,2014-08-14,1
1890,2958,37,2014-07-13,1
1891,1220,1,2014-07-20,3
1892,349,37,2014-07-19,8
1893,1104,1,2014-09-12,16
1894,1552,45,2014-11-23,1
1896,2706,1,2014-05-05,4
1897,1616,15,2014-05-01,9
1898,1621,37,2014-10-29,1
1899,1879,37,2014-10-26,3
1900,1374,37,2014-10-02,8
1902,2994,24,2014-10-27,16
1904,2844,37,2014-11-08,19
1907,2157,37,2014-04-14,34
1909,1837,37,2014-04-13,16
1911,892,37,2014-10-30,48
1913,928,37,2014-08-01,34
1914,2953,37,2014-08-11,1
1915,1956,37,2014-11-22,16
1916,1559,37,2014-09-12,48
1919,2430,37,2014-11-13,1
1920,1682,37,2014-05-24,39
1921,1572,37,2014-11-11,48
1922,495,37,2014-11-22,8
1924,1856,1,2014-08-15,1
1925,1971,15,2014-05-21,21
1926,422,1,2014-04-03,48
1929,1728,1,2014-11-27,16
1932,78,15,2014-05-01,20
1934,768,1,2014-07-09,6
1935,2274,37,2014-11-22,3
1937,35,1,2014-11-04,16
1939,1351,15,2014-10-17,34
1942,487,1,2014-08-26,1
1944,552,1,2014-08-01,19
1947,1278,53,2014-10-29,4
1949,907,15,2014-10-24,4
1953,2749,37,2014-06-01,8
1957,2937,37,2014-07-18,5
1958,2162,37,2014-05-30,4
1960,9,37,2014-11-11,16
1962,878,37,2014-04-07,16
1963,2339,37,2014-05-01,7
1964,206,37,2014-09-02,3
1967,507,37,2014-11-04,34
1968,758,37,2014-11-08,3
1969,2141,37,2014-08-30,48
1973,577,1,2014-07-06,3
1974,716,37,2014-08-19,16
1977,838,1,2014-07-18,4
1979,1978,1,2014-09-08,3
1982,875,45,2014-10-17,3
1984,2189,15,2014-08-13,48
1986,1678,37,2014-10-29,4
1988,133,37,2014-11-17,48
1990,2130,37,2014-11-03,16
1991,2158,37,2014-07-05,4
1992,2912,37,2014-07-06,8
1996,1390,37,2014-06-06,4
1998,2296,37,2014-07-21,7
1999,2110,37,2014-04-09,48
2000,1459,37,2014-10-26,3
2001,534,37,2014-11-05,16
2002,1099,37,2014-04-11,34
2004,2861,1,2014-07-08,8
2007,1724,37,2014-10-24,8
2008,2986,37,2014-04-27,34
2011,1440,37,2014-09-11,2
2012,87,37,2014-06-13,6
2013,310,37,2014-05-17,34
2015,586,37,2014-06-27,8
2016,1150,37,2014-11-01,34
2017,634,37,2014-10-22,3
2020,620,37,2014-11-19,16
2023,2077,37,2014-06-09,3
2025,585,53,2014-10-12,3
2026,166,15,2014-05-27,1
2028,2550,1,2014-10-22,8
2033,2732,1,2014-04-08,16
2037,473,1,2014-08-05,16
2038,2901,1,2014-10-14,7
2042,1662,1,2014-10-30,3
2043,1472,37,2014-05-24,1
2045,243,1,2014-10-04,4
2046,1064,1,2014-06-14,4
2049,2702,1,2014-06-08,4
2050,200,37,2014-10-17,9
2052,790,15,2014-11-01,7
2055,1630,15,2014-11-14,34
2056,187,24,2014-04-18,16
2057,1697,37,2014-05-27,40
2058,1692,37,2014-10-04,4
2060,2,37,2014-10-09,1
2064,1705,37,2014-04-01,3
2067,1562,37,2014-06-14,8
2069,154,1,2014-08-05,16
2076,1794,15,2014-11-11,4
2077,1689,15,2014-11-07,9
2079,925,15,2014-11-15,16
2080,839,15,2014-07-21,8
2082,2599,37,2014-10-17,6
2085,2267,37,2014-10-06,41
2088,2324,15,2014-07-28,3
2092,1405,15,2014-11-08,48
2093,1785,53,2014-10-29,44
2094,1216,15,2014-10-25,26
2095,2372,37,2014-11-18,48
2096,1604,37,2014-11-16,1
2098,2804,37,2014-09-20,1
2103,2673,1,2014-10-17,25
2105,1555,37,2014-10-04,8
2110,1272,37,2014-08-28,34
2111,2524,37,2014-09-16,3
2112,85,15,2014-09-29,8
2114,917,37,2014-07-26,7
2115,290,37,2014-07-20,4
2117,1885,37,2014-09-04,4
2118,960,37,2014-04-09,3
2119,1397,37,2014-10-14,34
2120,1581,1,2014-11-15,3
2123,657,37,2014-06-21,1
2126,2031,1,2014-11-08,16
2127,348,15,2014-10-18,39
2128,2097,45,2014-11-05,48
2134,2234,37,2014-08-14,16
2136,2136,15,2014-11-28,4
2138,2993,37,2014-04-10,2
2141,2399,1,2014-11-28,6
2142,1018,15,2014-04-13,3
2144,361,37,2014-10-25,4
2147,683,45,2014-09-20,4
2148,1561,15,2014-04-11,8
2149,2174,1,2014-06-26,4
2151,517,37,2014-06-12,9
2154,2747,37,2014-11-16,5
2155,1381,37,2014-08-01,16
2156,2421,24,2014-07-29,9
2157,2492,45,2014-09-05,4
2158,176,45,2014-07-09,4
2161,1361,1,2014-05-07,16
2164,350,37,2014-10-30,8
2166,548,15,2014-05-04,1
2167,456,15,2014-04-17,4
2168,1823,37,2014-06-24,7
2170,2896,37,2014-05-15,48
2171,568,1,2014-04-22,6
2174,1974,37,2014-10-22,34
2176,2272,15,2014-06-14,27
2179,1010,15,2014-05-13,34
2182,1618,1,2014-10-17,37
2183,1831,15,2014-09-30,6
2184,2471,15,2014-08-28,48
2185,1126,1,2014-04-01,8
2189,970,15,2014-06-28,40
2192,299,1,2014-10-17,37
2193,2346,1,2014-06-18,42
2195,391,37,2014-07-22,11
2197,110,37,2014-11-15,4
2199,545,37,2014-09-16,3
2200,321,37,2014-09-29,3
2202,2811,37,2014-11-23,4
2203,1554,37,2014-11-06,3
2207,2625,37,2014-09-04,8
2214,123,15,2014-11-28,7
2215,2259,1,2014-11-05,1
2217,2670,45,2014-09-09,5
2218,363,37,2014-11-22,8
2219,2846,15,2014-11-15,8
2220,1912,37,2014-10-18,5
2221,654,45,2014-07-04,24
2222,1510,1,2014-08-29,1
2224,1523,37,2014-08-14,3
2227,1183,45,2014-11-13,4
2228,1699,1,2014-10-12,2
2229,351,1,2014-11-17,4
2233,1706,1,2014-06-01,13
2235,890,45,2014-11-08,3
2239,1019,37,2014-09-02,4
2241,80,37,2014-10-17,4
2243,2699,37,2014-10-19,3
2244,2948,37,2014-07-03,10
2245,1469,37,2014-09-18,3
2246,2255,37,2014-08-28,4
2251,988,37,2014-11-22,6
2252,2819,37,2014-06-01,28
2253,186,15,2014-10-15,7
2254,1153,1,2014-11-11,8
2258,2995,45,2014-07-30,10
2261,83,53,2014-07-07,3
2263,2176,37,2014-08-27,5
2269,800,15,2014-06-28,1
2274,840,53,2014-09-11,4
2277,1763,37,2014-10-17,41
2279,227,37,2014-05-14,16
2280,2229,37,2014-09-05,8
2281,139,37,2014-08-28,42
2282,1526,37,2014-10-17,16
2285,406,37,2014-11-08,4
2286,1255,37,2014-06-13,12
2287,151,37,2014-11-08,3
2288,2607,37,2014-10-19,34
2291,296,45,2014-10-17,7
2292,1427,1,2014-08-05,4
2293,75,15,2014-10-04,4
2298,1157,37,2014-11-20,8
2300,327,1,2014-10-27,34
2301,1283,45,2014-05-19,48
2302,1824,45,2014-08-09,4
2304,1475,1,2014-10-27,1
2306,2892,1,2014-05-28,34
2307,2781,37,2014-05-19,34
2309,1651,15,2014-10-06,4
2314,1615,15,2014-05-24,16
2315,2764,37,2014-10-25,29
2317,2467,15,2014-09-18,8
2325,2096,24,2014-10-18,5
2326,1541,37,2014-09-02,3
2328,429,37,2014-05-01,48
2329,1528,37,2014-09-09,16
2331,2015,37,2014-06-19,47
2332,2832,37,2014-07-27,1
2333,1954,37,2014-08-21,8
2335,204,37,2014-10-31,1
2336,1624,37,2014-11-14,3
2337,412,37,2014-05-01,16
2339,744,37,2014-10-13,16
2340,309,24,2014-08-10,3
2341,1249,37,2014-06-05,37
2342,2548,45,2014-07-15,34
2343,103,37,2014-10-12,16
2344,735,37,2014-09-27,3
2351,769,37,2014-09-23,8
2352,514,1,2014-04-08,8
2353,79,15,2014-04-14,3
2355,2507,1,2014-09-16,3
2357,2926,37,2014-09-02,16
2361,2587,15,2014-07-11,1
2362,1755,37,2014-06-29,20
2364,551,37,2014-10-30,48
2365,2376,45,2014-05-13,48
2367,2904,45,2014-08-07,5
2368,2709,37,2014-08-20,1
2371,1273,15,2014-11-10,8
2375,942,37,2014-10-04,3
2377,149,37,2014-10-15,44
2378,2228,37,2014-10-30,30
2379,269,37,2014-07-29,1
2380,805,37,2014-09-25,5
2381,655,37,2014-04-02,8
2382,1773,37,2014-09-24,3
2383,117,37,2014-09-16,20
2385,2683,37,2014-11-25,5
2387,1260,15,2014-10-23,1
2388,526,15,2014-06-03,4
2390,1920,1,2014-05-03,3
2391,380,45,2014-09-05,1
2393,1645,1,2014-08-13,7
2396,2941,37,2014-07-05,16
2397,215,1,2014-11-16,7
2398,183,1,2014-08-27,4
2399,2629,15,2014-05-29,1
2402,1765,1,2014-07-09,1
2406,1522,37,2014-09-01,3
2409,2570,15,2014-05-18,2
2411,2666,37,2014-10-23,1
2415,2526,37,2014-10-14,7
2418,849,1,2014-08-05,20
2421,2429,15,2014-10-29,34
2424,274,37,2014-10-16,34
2425,685,37,2014-04-20,7
2427,82,37,2014-11-10,8
2429,580,37,2014-10-29,16
2430,1538,37,2014-08-20,2
2432,712,37,2014-11-14,8
2433,323,37,2014-11-12,3
2434,745,37,2014-10-30,6
2435,2020,37,2014-09-05,1
2436,1791,37,2014-11-12,4
2437,1135,15,2014-11-08,3
2441,2613,24,2014-07-22,48
2444,853,15,2014-05-07,1
2445,1079,45,2014-04-03,4
2446,444,37,2014-09-18,9
2447,1067,37,2014-07-24,16
2452,1363,15,2014-08-02,4
2453,240,15,2014-04-15,9
2454,2742,15,2014-11-29,47
2456,1347,37,2014-10-22,34
2458,961,1,2014-06-10,34
2459,311,37,2014-11-12,20
2462,2596,15,2014-07-23,1
2463,2838,37,2014-10-17,34
2465,2999,24,2014-10-22,16
2466,2783,15,2014-05-22,3
2470,1348,37,2014-09-30,1
2471,234,15,2014-08-10,1
2472,2408,15,2014-09-11,1
2475,2758,15,2014-11-07,37
2476,1617,24,2014-04-23,10
2478,2641,37,2014-09-08,4
2480,2624,15,2014-06-15,1
2482,2806,45,2014-11-28,5
2484,2282,1,2014-10-29,3
2485,1584,37,2014-07-15,1
2486,1524,1,2014-10-17,1
2491,2257,15,2014-09-05,4
2493,181,1,2014-11-19,7
2494,2704,37,2014-05-15,4
2496,708,15,2014-06-06,1
2499,1479,1,2014-06-11,1
2501,332,53,2014-07-29,16
2503,2368,53,2014-11-16,19
2510,952,15,2014-09-20,37
2512,1088,53,2014-10-27,16
2513,1130,15,2014-11-09,40
2516,1709,37,2014-06-10,48
2517,1840,15,2014-11-15,3
2519,1928,37,2014-11-28,16
2520,2055,37,2014-08-13,16
2521,407,45,2014-11-28,16
2524,1866,1,2014-07-02,16
2525,2298,15,2014-06-11,16
2530,948,15,2014-04-16,15
2531,1333,1,2014-09-07,2
2532,1607,1,2014-10-24,8
2537,1270,1,2014-04-27,21
2538,1370,15,2014-09-11,4
2540,303,15,2014-08-25,16
2541,836,37,2014-04-05,40
2546,2354,1,2014-08-05,19
2548,518,15,2014-11-15,6
2549,2312,37,2014-10-10,48
2550,2676,15,2014-10-26,3
2551,1001,1,2014-10-22,3
2558,663,45,2014-04-09,38
2560,381,37,2014-10-31,34
2562,126,37,2014-11-05,20
2567,2252,15,2014-06-10,34
2568,1359,1,2014-05-24,8
2569,2446,15,2014-04-06,20
2573,53,1,2014-09-06,7
2576,1161,53,2014-10-15,34
2578,2862,37,2014-09-04,7
2580,2643,45,2014-09-05,1
2582,901,1,2014-11-15,4
2588,705,53,2014-08-12,48
2593,1867,15,2014-10-06,16
2595,2034,15,2014-10-24,16
2598,623,1,2014-05-25,4
2601,1199,45,2014-09-26,41
2602,462,37,2014-11-20,7
2603,2208,37,2014-07-07,34
2605,2612,15,2014-11-28,48
2606,1439,45,2014-09-13,1
2608,2383,15,2014-08-27,16
2609,754,45,2014-10-30,40
2610,591,15,2014-11-17,7
2615,1193,1,2014-10-03,16
2620,2403,45,2014-06-16,48
2623,2798,53,2014-11-26,3
2628,516,45,2014-10-06,48
2631,2133,1,2014-05-15,8
2636,1534,1,2014-04-27,39
2637,1123,15,2014-09-09,1
2643,1896,15,2014-04-11,7
2644,318,15,2014-11-04,34
2650,216,37,2014-04-01,37
2653,2455,15,2014-04-22,48
2655,926,45,2014-05-23,8
2657,1774,15,2014-05-18,3
2659,238,24,2014-10-06,1
2660,2767,1,2014-06-28,48
2661,2894,15,2014-09-20,19
2662,1530,15,2014-05-06,5
2663,1951,15,2014-11-11,1
2664,1612,37,2014-05-03,1
2669,2895,1,2014-11-17,16
2670,2567,1,2014-11-01,16
2672,2664,1,2014-10-29,34
2674,1614,1,2014-08-22,34
2675,2291,37,2014-11-11,48
2676,2899,1,2014-08-14,34
2677,1207,24,2014-06-16,34
2678,1529,45,2014-11-14,4
2679,1915,1,2014-10-25,34
2682,1493,37,2014-09-20,1
2683,2011,24,2014-04-04,16
2684,1685,37,2014-10-19,3
2685,1550,1,2014-11-12,9
2687,524,37,2014-11-03,16
2688,993,53,2014-10-15,2
2692,2978,53,2014-05-08,4
2693,1507,45,2014-10-18,1
2697,1850,37,2014-06-29,16
2701,820,24,2014-06-03,16
2703,288,37,2014-10-08,4
2706,2051,45,2014-06-22,16
2707,888,24,2014-07-07,48
2710,1537,15,2014-08-19,16
2711,1422,1,2014-04-17,34
2713,1512,15,2014-11-01,46
2717,1987,15,2014-10-17,16
2718,626,15,2014-08-27,16
2722,832,15,2014-11-07,16
2726,2381,1,2014-11-16,16
2727,1595,24,2014-11-06,16
2730,2770,15,2014-11-14,18
2732,2592,15,2014-04-06,24
2736,61,45,2014-06-05,3
2737,1654,15,2014-09-04,1
2738,2850,37,2014-05-27,9
2740,239,1,2014-09-22,48
2742,1415,45,2014-08-13,34
2743,2506,37,2014-05-17,4
2745,1801,37,2014-06-29,3
2747,2954,37,2014-10-14,48
2750,1637,53,2014-08-28,34
2753,886,1,2014-11-02,38
2754,2106,24,2014-06-01,3
2755,2124,53,2014-08-26,16
2756,826,1,2014-08-07,16
2759,2261,1,2014-07-16,3
2761,1498,53,2014-08-20,16
2764,1772,15,2014-04-21,48
2766,1292,15,2014-09-14,16
2769,738,37,2014-06-27,1
2770,953,15,2014-10-11,5
2772,1876,45,2014-04-18,14
2773,1622,1,2014-04-02,39
2774,2024,1,2014-04-21,20
2777,2205,15,2014-08-02,3
2779,2751,15,2014-09-10,16
2783,2696,45,2014-05-31,25
2786,2821,1,2014-07-06,2
2789,2104,24,2014-11-20,34
2790,95,45,2014-09-30,48
2793,825,45,2014-04-24,4
2796,1553,15,2014-10-02,3
2797,501,45,2014-09-05,16
2800,2687,15,2014-11-28,2
2803,2461,37,2014-05-10,7
2805,597,1,2014-10-22,40
2810,1976,45,2014-10-01,8
2813,513,53,2014-09-21,48
2817,791,15,2014-05-12,10
2818,1679,37,2014-10-11,8
2820,1235,37,2014-05-15,15
2823,605,37,2014-11-14,48
2825,661,1,2014-10-11,4
2827,1290,15,2014-10-02,4
2829,939,1,2014-06-25,4
2831,693,53,2014-10-26,8
2832,2433,15,2014-11-12,4
2834,2902,1,2014-05-18,18
2837,756,15,2014-04-08,40
2838,2014,37,2014-05-02,28
2839,466,1,2014-04-01,34
2841,2809,1,2014-11-20,7
2844,1660,15,2014-06-14,8
2848,1804,24,2014-10-02,8
2849,1518,1,2014-08-24,41
2855,1244,37,2014-10-01,5
2856,1006,37,2014-10-22,4
2857,2405,15,2014-11-13,16
2860,1797,37,2014-08-08,1
2866,2179,37,2014-08-20,3
2868,669,37,2014-08-14,8
2872,2270,37,2014-07-23,4
2873,4,15,2014-04-05,40
2874,2691,45,2014-05-17,1
2884,2674,37,2014-10-31,5
2889,1613,37,2014-10-17,16
2893,1894,1,2014-08-10,4
2894,2554,15,2014-06-22,8
2895,1723,1,2014-11-10,48
2897,324,15,2014-09-11,48
2899,527,24,2014-10-16,4
2900,2503,1,2014-10-02,8
2908,2998,45,2014-04-21,1
2909,2546,24,2014-07-09,8
2911,691,24,2014-08-23,8
2912,817,1,2014-10-11,7
2916,2891,37,2014-10-20,1
2917,740,53,2014-09-12,3
2920,599,37,2014-06-12,8
2921,421,15,2014-08-01,5
2922,2253,15,2014-10-31,8
2923,2203,1,2014-06-12,3
2925,981,53,2014-09-24,3
2926,2930,1,2014-06-28,3
2934,277,53,2014-11-17,48
2937,946,1,2014-06-13,3
2941,1578,37,2014-05-16,34
2950,2350,15,2014-07-27,7
2952,44,15,2014-06-09,1
2954,818,37,2014-08-21,4
2955,954,53,2014-07-22,8
2956,213,15,2014-05-27,49
2957,2466,15,2014-09-25,1
2960,2591,45,2014-11-02,48
2961,1918,24,2014-11-19,3
2963,2936,37,2014-04-27,16
2967,1231,15,2014-07-03,3
2973,2523,37,2014-09-30,48
2978,2366,1,2014-10-09,37
2980,694,24,2014-07-09,8
2982,2921,15,2014-05-08,20
2991,637,45,2014-09-09,8
2994,922,15,2014-09-01,16
